protein,uniprot_id
HEXIM1,O94992
Tat,P17735
CDK9,P50750
hLARP7,Q4G0J3
HMGA1,P17096
SRP19,P09132
SRP54,P20424
APOBEC3F,Q8IUX4
EWSR1,Q01844
PolII,-
PRC2,-
pollII,-
SSB,E7ERC4
PABPC1,H0YB86
SRP14,P37108
SRP9,Q9VSC1
FMR1,-
PNUTS,Q96QC0
SNIP1,Q8TAD8
SRP9/14 heterodimer,-
EIF4A1,P60842
PABP,-
TARDBP,A0A087WZM1
TCF7L2,B5BU30
PRC1,G3UXT4
CBX7,O95931
SUZ12,Q15022
EIF4G1,Q04637
EIF3B,P55884
EIF4B,P23588
PTB,Q9UKA9
NR3C1,-
IGF2BP1,L8ECD2
ISM1,B1AKI9
HNRNPU,Q00839
EZH2,Q15910
PCBP1,Q15365
KDM1A,O60341
REST,-
CoREST,Q8VIG1
Wdr5,P61964
Mll1,Q03164
TERT,O14746
DKC1,O60832
STAU1,O95793
hnRNPC,P07910
RPL22,Q9BYF5
TEP1,Q5XKB2
HNRNPA1,Q6IPF2
PINX1,Q96BK5
Ro60,P10155
NCL,B3KM80
hnRNPI,-
HNRNPK,P61979
IFN-伪,
ELAV1,Q15717
HIF-1ä¼ª,-
VHL,P40337
PSF,P23246
1TMW_A,-
AAF22034.1,P02768
ANXA2,P07355
SR140,O15042
DBHS,Q15233
FLOT1,NM_005803
SATB2,NM_001172509
CXCL12,-
VEGFA,P15692
WNT5A,P41221
NRXN1,F5GYC7
TDP-43,-
MMP2,P08253
PKR,P19525
SMARCA4,P51532
SMARCA2,P51531
Proteins of the Dros,-
PSPC1,-
PSP-1,Q8WXF1
FUS,P35637
LRRK2,Q5S007
E2F7,Q96AV8
Rpp20,O75817
RPP29,O95707
RPP38,P78345
hPop1,Q99575
Rpp25,Q9BUL9
RPP21,Q9H633
ELAVL1,P70372
SF1,A0A024R5D9
RUNX1,-
SNF5,Q12824
Staufen1,-
GTF2I,P78347
RBM8A,Q9Y5S9
YWHAZ,P63104
ACIN1,Q9UKV3
ALDR,P15121
AN32A,P39687
ANP32B,Q92688
PRMT1,Q99873
ANX11,P50995
ASSY,P00966
BCLAF1,Q9NYF8
BRE1A,Q5VTR2
RNF40,O75150
CD11B,P21127
CLIC1,O00299
CN166,Q9Y224
CFL1,P23528
CPSF5,O43809
CRNL1,Q9BZJ0
C19orf43,Q9BQ61
CSNK2A1,P68400
CTBL1,Q8WYA6
DAZP1,Q96EP5
DDX5,-
DNJC8,O75937
DNJC9,Q8WXX5
POLD1,P28340
DPOD2,P49005
ADAR,P55265
DX39A,O00148
DX39B,Q13838
DYL1,P63167
ECM29,Q5VYK3
FA50A,Q14320
FIP1,Q6UN15
FDPS,P14324
FUBP2,Q92945
GNB2L1,P63244
GEMI5,Q8TEQ6
GPATCH8,Q9UKJ3
GUAA,P49915
HNRDL,O14979
HNRH1,P31943
HNRH2,P55795
HNRH3,P31942
HNRNPUL1,Q9BUJ2
HNRNPUL2,Q1KMD3
HNRLL,Q8WVV9
HNRNPD,Q14103
HNRNPF,P52597
HNRPG,P38159
hnRNPL,P14866
hnRNPM,P52272
SYNCRIP,O60506
HNRNPR,O43390
HSP74,P34932
IDHC,O75874
IF2B1,Q9NZI8
IGF2BP3,O00425
eIF4AIII,P38919
IF4H,Q15056
EIF5A,P63241
K1967,-
KAD1,P00568
KHDR1,Q07666
KI67,P46013
SSB,P05455
LAP2A,P42166
LC7L2,Q9Y383
LC7L3,O95232
LEG3,P17931
LKHA4,P09960
MARE1,Q15691
RNMT,O43148
MAT2A,P31153
MGN,P61326
MINT,Q96T58
MRE11,-
MRT4,Q9UKD2
EMG1,Q92979
NOG1,Q9BZE4
NPM1,P06748
NCL,P19338
PABPC1,P11940
PABPN1,Q86U42
SERBP1,Q8NC51
PDIP3,Q9BY77
PIMT,P22061
PNN,Q9H307
PM14,Q96CG3
PNPH,P00491
PPP1CA,P62136
PPAC,P24666
PPHLN,Q8NEY8
PR38A,Q8NAV1
PR38B,Q5VTL8
PFN1,P07737
PRP16,P15938
PRPF19,Q9UMS4
PRP31,P49704
PRP4B,Q13523
PRPF6,O94906
PRP8,P33334
RALY,Q64012
RB12B,Q8IXT5
TAF15,Q92804
RECQ1,P46063
RED,Q13123
RFA1,P27694
RFA2,P15927
RL10,P27635
RL10A,P62906
RPL17,P18621
RPL22,P35268
RL23,P62829
RPL23A,P62750
RL26,P61254
RL27,P61353
RL3,P39023
RPL30,P62888
RL31,P62899
RL32,P62910
RL4,P36578
RPL5,P46777
RL7,P18124
RPL7A,P62424
RNZ2,Q9BQ52
HNRNPA0,Q13151
HNRNPA1,P09651
MOV10,P22626
HNRNPA3,P51991
RPB1,P08775
RPB2,B2WTN8
RPB7,P62487
RPR1A,Q96P16
RPRD1B,Q9NQG5
RRP44,Q9Y2L1
RS10,P46783
RS12,P25398
RS13,P62277
RPS14,P62263
RS15A,P62244
RS17,P08708
RS18,P62269
RPS3,P23396
RS3A,P61247
RS4X,P62701
RS6,P62753
RS7,P62081
RS8,P62241
SNRPN,P63162
SNRNP70,P08621
RU1C,P09234
SNRPA1,P09661
RUVBL2,Q9Y230
RUXE,P62304
RUXF,P62306
RUXG,P62308
S10A4,P26447
S100A11,P31949
SAP30BP,Q9UHR5
SAE2,Q9UBT2
SAFB1,Q15424
SAHH,P23526
SERC,Q9Y617
SF1,Q15637
NANS,Q9NR45
SK2L2,P42285
SMARCA5,O60264
SmD1,P62314
SNRPD2,P62316
SmD3,P43321
SMN,P63163
SNR40,Q96DI7
SART1,O43290
SNUT2,Q53GS9
SUPT16H,Q9Y5B9
SPB6,P35237
BCAS2,O75934
SPF45,Q96I25
SPS1,P49903
SPT5H,O00267
SPT6H,Q7KZ85
SRp38,O75494
SRS11,Q05519
SYF1,Q9HCS7
T2FB,P13984
TARDBP,Q13148
TCP4,P53999
TCRG1,O14776
TF3C1,Q12789
TF3C4,Q9UKN8
TFP11,Q9UBB9
TXN,P10599
TIAL1,Q01085
TRIM28,Q13263
TPI1,P60174
TR150,Q9Y2W1
TRA2A,Q13595
TYSY,P04818
SNRNP200,O75643
U5S1,Q15029
UBE2M,P61081
UBE2I,P63279
USP5,P45974
UBP7,Q93009
VIR,Q69YN4
XPO2,P55060
YBOX1,P67809
YTDC1,Q96MU7
ZC11A,O75152
ZFC3H1,O60293
ZC3HD,Q5T200
ZC3HE,Q6PJT7
ZC3H18,Q86VM9
ZN326,Q5BKZ1
ZN638,Q14966
EIF3F,O00303
SAP18,O00422
CHD1,O14646
HAT1,O14929
CRM1,O14980
BTAF1,O14981
HMGB3,O15347
DHX15,O43143
PRPF3,O43395
PPIH,O43447
PLRG1,O43660
BUB3,O43684
AKAP8,O43823
DHX16,O60231
AQR,O60306
PQBP1,O60828
AHRR,O75340
SAP155,O75533
KIF4A,O95239
LMNA,P02545
CDK1,P06493
LDHB,P07195
ANXA6,P08133
ANXA5,P08758
SNRPA,P09012
HMGB1,P09429
PARP1,-
TOP1,P11387
TOP2A,P11388
PCNA,P12004
TPR,P12270
ANXA3,P12429
XRCC6,P12956
XRCC5,P13010
SON,P18583
PGAM1,P18669
RCC1,P18754
ANXA7,P20073
UBA1,P22314
TCEA1,P23193
MCM3,P25205
S100P,P25815
DNMT1,P26358
U2AF2,P26368
HMGB2,P26583
PTBP1,-
APEX1,P27695
TKT,P29401
PRDX6,P30041
PEBP1,P30086
CSTF2,P33240
MCM4,P33991
MCM5,P33992
MCM7,P33993
DEK,P35659
PGM1,P36871
COIL,-
FEN1,P39748
BUD31,P25337
MATR3,P43243
MSH2,P43246
NASP,P49321
MCM2,P49736
YLPM1,P49750
RBM25,P49756
HINT1,P49773
HDGF,P51858
NCBP2,P52298
MSH6,P52701
THOP1,P52888
MFAP1,P55081
ARF3,P61204
PSME3,P61289
RAN,P62826
GRB2,P62993
TRA2B,P62995
SKP1,P63208
RBM6,P78332
PRKDC,P78527
SARNP,P82979
ERH,P84089
SRp20,P84103
U2AF1,Q01081
SET,Q01105
SFRS2,Q01130
CSTF1,Q05048
SFRS1,Q07955
SRSF4,Q08170
DHX9,O70133
SSRP1,Q08945
SAKI,Q08J23
NCBP1,Q09161
CPSF1,Q10570
SAP61,Q12874
ILF2,Q12905
ILF3,Q12906
CSTF3,Q12996
CBX3,Q13185
SRSF9,Q13242
SRSF5,O35326
SRSF6,Q13247
PPIG,Q13427
SF3B2,Q13435
PIN1,Q13526
SNW1,Q13573
CUL4A,Q13619
CIRBP,Q14011
SAFB2,Q14151
RBM39,Q14498
HLTF,Q14527
DHX8,Q14562
MCM6,Q14566
SMC1A,Q14683
CHD4,Q14839
IL18BP,Q14980
SART3,Q15020
RNPS1,Q15287
SF3B3,Q15393
SAP62,Q15428
SAP114,Q15459
DDB1,Q16531
RBBP7,Q16576
SFRS7,Q16629
CPSF6,Q16630
PDS5A,Q29RF7
TSR1,Q2NL82
SMU1,Q2TAY7
RBM26,Q5T8P6
CDC73,Q6P1J9
CTR9,Q6PD62
WDR82,Q6UXN9
BZW1,Q7L1Q6
RSRC2,Q7L4I2
RBBP6,Q7Z6E9
CAND1,Q86VP6
DDX42,Q86XP3
CHERP,Q8IWX8
SUGP2,Q8IX01
CCAR1,Q8IX12
SRm160,Q8IYB3
CARF,Q9NXV6
CPSF7,Q8N684
PAF1,Q8N7H5
DDX1,Q92499
SYMPK,Q92797
RAD50,-
CELF1,P28659
GPKOW,Q92917
TNPO1,Q92973
FUBP3,-
RBM14,Q8C2Q3
QKI,Q96PU8
RBM15,Q0VBL3
PNKP,Q96T60
CDC5L,Q99459
DDX23,Q9BUQ8
RBM4,Q9BWF3
SRRT,Q9BXP5
SETD2,Q9BYW2
WDR33,Q9C0J8
XRN2,Q9DBR1
DDX47,Q9H0S4
PHAX,Q9H814
XPO5,Q9HAV4
NCOA5,Q9HCD5
LUC7L,Q9NQ29
DDX21,Q9NR30
MBNL1,Q9NR56
RBM12,Q9NTZ6
MDN1,Q9NU22
FANCI,Q9NVI1
RBM22,Q9NW64
WDR70,Q9NW82
SLTM,Q8CH25
CWC15,Q9P013
RCC2,Q9P258
BCCIP,Q9P287
NXF1,Q9UBU9
DDX20,Q9UHI6
PUF60,Q9N3S3
DDX41,Q9UJV9
SRRM2,Q9UQ35
PA2G4,Q9UQ80
SMC3,Q9UQE7
WBP11,Q9Y2W2
NOSIP,Q9Y314
PPIL1,Q9Y3C6
RTCB,Q9Y3I0
CRIP2,P52943
GCFC1,Q9Y5B6
1433T,P27348
ARGL1,Q9NWB6
C19L2,Q2TBE0
C9orf78,Q9NZ63
CSK22,P19784
CSK2B,P67870
CT043,-
DJC17,Q9NVM6
DNLI3,P49916
EZR,P15311
FBL,P22087
FKB1A,P62942
HTSF1,O43719
KIAA0947,Q9Y2F5
MDHC,P40925
NADAP,Q9BWU0
NHP2L1,P55769
PAPS2,O95340
PCNP,Q8WW12
PRP17,O60508
SNRPB2,P08579
SMNDC1,O75940
SRP09,P49458
TR112,Q9UI30
TRIM33,Q9UPN9
NOP56,O00567
PDCD5,O14737
PPM1G,O15355
TBCA,O75347
IPO7,O95373
SYF2,O95926
MIF,P14174
CBR1,P16152
RFC4,P35249
RFC5,P40937
Lsm3,P57743
Lsm6,P62312
TOP2B,Q02880
ATM,Q13315
PPIL2,Q13356
NOLC1,Q14978
SAP49,Q15427
PHF5A,Q7RTV0
PPIL4,Q8WUA2
PRCC,Q92733
PPWD1,Q96BP3
TOE1,Q96GM8
ZMAT2,Q96NC0
PUS7,Q96PZ0
TGS1,Q96RS0
MCMBP,Q9BTE3
SF3B5,Q9BWJ5
CWC22,Q9HCG8
NOP10,Q9NPE3
SMC4,Q9NTJ3
NUDT5,Q9UKK9
ISY1,Q9ULR0
PPIE,Q9UNP9
NOP58,Q12499
LSM4,P40070
MPP10,O00566
U3-55K,O43818
NHP2L1,B1AHD1
PRPF8,Q6P2Q9
LSM1,O15116
LSM8,O95777
LSM7,P53905
LSM2,P38203
LSM5,P40089
LSM11,P83369
LSM10,Q969L4
GAR1,Q9NY12
FBL,M0R1H0
hPSF,Q03518
GAGE6,Q13070
Oct1,P20263
IGF2BP3,F8WD15
IGF2BP2,B3FTN5
IGR2,-
CDKN1C,P49918
H2AFX,P16104
CDKN1A,P38936
BCL2,P10415
BBC3,Q9BXH1
BAX,Q07812
AR,D3YPQ1
APOBEC3F,Q9HC16
STAT1,P42224
IMP3,P32899
IMP1,E9PR99
ZBP1,Q9H171
DLK1,P80370
CASP8,Q14790
CASP3,P42574
BCL2L1,Q5QP59
HIF1A,Q16665
TIE1,-
TP53,D5KL86
EHMT2,Q96KQ7
MYCN,P04198
PINK1,Q9BXM7
CREB1,P16220
AKT1,P31749
PMEPA1,-
NDRG1,Q92597
KLK3,P07288
FGF8,P55075
BRCA1,P38398
Mtor,P42345
NFYA,P23511
IGF2R,A0N9R9
NM23,P15531
FGF18,O76093
ANG,P03950
RPP30,P78346
BC1,-
MYC,P01106
MDM2,Q00987
cyclic AMP,Q8TEY5
AGO2,Q8CJG0
EED,O75530
Sox2,P48431
NKX2-2,O95096
GNAS,Q5FWY2
HFE,Q30201
BDNF,P23560
HAS2,Q92819
iNOS,O19114
RPS6KA2,X5DPB4
DISC1,Q9NRI5
Runx2,Q13950
INS,P01344
Msx1,-
FGFR3,-
glmS,A1JSN5
Cop2,Q53496
KCNQ1,P97414
UBE3A,Q05086
COPG2,Q9UBF2
Peg1,O42874
FGF7,P21781
RFP2,O60858
HOXD11,Q14DW8
HOXD8,A0A0A0MSX5
HOXD9,A0A087X222
MCL1,Q07820
ZEB2,O60315
PEG11,A6NKG5
GAL4,P38552
BOK,Q9UMX3
TNFRSF17,Q02223
DLG2,Q15700
PEG3,A1YFC1
MYOD1,P10085
E2F4,Q16254
ATXN7,H0YAT6
KLHL11,A0A024R1T8
TXNRD2,E7ENA2
TXNRD1,E9PLT3
TXNRD3,Q86VQ6
TRAF3IP2,O43734
DAB2IP,H0Y3A3
CENPF,P49454
CXCL11,A9QWQ1
NEDD9,A0A087WUD2
CTNNB1,A0A024R2Q3
JUNB,P17275
DIO3,A7YD35
NPPA,O46540
SMAD5,Q99717
DHRS4,Q5RCF8
DHRS4L2,F5H660
DHRS4L1,P0CG22
IFNG,-
WT1,P19544
HLA-DQB1,U5IQE4
TFIIH,P19447
DDX46,Q7L014
HLA-DRB1,G9HW14
ASF,Q9NVP2
IMP4,P53941
PRPF4,O43172
U5-15KD,P83876
U5S1,Q6IBM8
TBP,P13393
NS-1,Q9Y6Y0
MVP,-
Ro52,P19474
SRP72,O76094
SRP68,Q9VSS2
TNFRSF1A,J9PH39
THBS1,A8MZG1
SERPINE1,P05121
NME4,Q4TT34
NFKBIA,G3V286
NFKB1,P19838
MTA1,Q13330
MCAM,Q9NQ41
JUN,P05412
EPDR1,Q9UM22
E2F1,Q01094
CD44,P16070
BIRC5,O15392
Rbm20,Q5T481
Coilin,P38432
RBPMS,Q93062
LIN28B,Q6ZN17
PUM2,Q8TB72
IGF2P1,-
EIF3G,O75821
TNRC6C,K7EKN9
TNRC6A,H3BRT3
TNRC6B,A0A024R1T4
ORF57,Q86V81
IAPP,NM_000415
TP53INP1,NM_033285
RBM47,A0AV96
PSEN1,-
AMPD1,Hs.89570
C2,Hs.408903
DDB2,Hs.700338
TOR1A,Hs.534312
ETFA,Hs.39925
FANCA,Hs.744083
FTL,Hs.433670
GALK1,Hs.407966
GP1BA,Hs.1472
GPI,-
ITGB4,Hs.632226
KRT18,Hs.406013
LIG1,Hs.1770
MEN1,Hs.423348
PGAM2,Hs.632642
PKP1,Hs.497350
TNNT2,Hs.533613
CTSK,-
APRT,-
IL11,Hs.467304
ACHE,-
ATP1A1,Hs.371889
BLVRB,Hs.515785
CACNB3,-
CRAT,-
GRIN2D,Hs.445015
GRINA,-
IGF1R,Hs.714012
ITGB7,Hs.654470
SERPINF2,Hs.159509
RARG,Hs.733399
RPL13,Hs.410817
RPL18,-
STX16,Hs.307913
NDUFV3,Hs.473937
USP16,H9KVB6
GMPR2,Hs.368855
C4A,Hs.720022
RECQL5,Hs.632229
LRRC29,Hs.461000
DNM1,-
DNM2,Hs.211463
TTYH1,-
HIST2H3A,Hs.706618
YBEY,Hs.474066
TCEAL3,Mm.260515
SPOP,Hs.740407
CSDE1,Hs.69855
C7orf59,Hs.406520
SPDYC,Hs.450642
CKAP5,Hs.201253
LBX2,Hs.516124
MEIS3,Hs.356135
FAM102B,Hs.200230
CLEC18B,Hs.592064
MCRS1,Hs.25313
SLC3A2,Hs.502769
NUDT17,Hs.585066
CTU2,Hs.592074
KLK6,Hs.79361
EXOC7,Hs.514496
CXorf40B,Hs.545950
ETFB,Hs.348531
TM9SF1,-
SLX1A,Hs.729791
RPS11,-
LLGL2,-
HDAC5,Hs.438782
UFSP1,Hs.534845
SULT1A3,Hs.460558
RCCD1,Hs.655895
OS9,Hs.527861
OPA3,Hs.466945
MUC1,Hs.89603
CORO1B,-
RPS21,Hs.190968
ASPDH,Hs.436338
BRMS1,Hs.100426
VRK3,Hs.443330
RPS24,A0A087WUS0
RPS25,-
KCTD21,-
AHDC1,Hs.469280
ZNF16,Hs.493225
COX19,Hs.121593
SPDYE2,Hs.656428
TRMT11,-
CRELD1,-
ATAT1,Hs.654798
BOLA2B,Hs.745100
UBE2V1,-
C17orf62,Hs.163113
TRPT1,Hs.326586
HIST1H4D,Hs.745457
NHP2,Hs.744074
SRA1,Hs.653135
AGBL5,-
PRIC285,Hs.517180
NBPF9,-
EIF3C,Hs.567374
SLC38A10,-
GOLGA6A,Hs.546408
ATP6V1C2,Hs.580464
RGS19,Hs.422336
IL18BP,Hs.591967
CHTF8,Hs.85962
NBPF10,-
ARAP1,Hs.503165
C16orf13,-
RUFY1,Hs.306769
CRCP,-
P2RY11,Hs.14468
HSF4,Hs.512156
BCL2L12,Hs.289052
KIAA0895L,Hs.651201
HIST2H2AA3,Hs.745563
MLPH,Hs.102406
MAZ,-
LTBP4,Hs.466766
PVRL2,Hs.655455
REC8,Hs.419259
SCYL1,-
UBTF,-
MYH14,Hs.467142
SLC25A45,-
GNAS,Hs.125898
TAC4,Hs.652130
APH1A,Hs.108408
TMEM134,-
XBP1,Hs.437638
RASA4,Hs.656696
CCDC88C,H0YJX5
ZNF629,Hs.301094
UNK,Hs.732048
LMTK3,Mm.44928
HSF5,Hs.380061
C11orf94,Hs.193741
LRRC4B,Hs.120873
PABPN1L,Hs.730522
TNRC18,Hs.520638
CCDC159,Hs.631636
PXN,-
KRT80,Hs.140978
DMPK,Hs.631596
ZGPAT,Hs.590868
CHMP1A,-
C10orf26,Hs.707763
TMEM22,Hs.477692
GPR89A,-
POLR2J2,Hs.732239
GPR89B,Hs.504320
SMARCD2,Hs.250581
CDK10,Hs.699177
PNPLA7,Hs.294147
AKT1S1,Hs.515542
RNF169,Hs.370145
FAM89B,Hs.731854
C18orf19,Q96ND0
TINF2,Hs.496191
PTMA,Hs.459927
EHBP1L1,Hs.502867
EIF3CL,Hs.535464
HOOK2,Hs.30792
C19orf76,Hs.607562
NBPF24,Hs.730358
SIKE,Hs.709277
NBPF16,Hs.656782
SYCE2,Hs.655173
TLK2,Hs.445078
ZNF276,-
UPK3BL,Hs.610255
AGAP2,Hs.302435
THTPA,Hs.655179
ORAI2,Hs.363308
CSK,Hs.77793
ACSF3,Hs.461727
CBX1,Hs.77254
BBC3,Hs.467020
SPG21,Hs.242458
FBLN7,Hs.437696
SULF1,Hs.409602
SLC39A13,Hs.523664
TPRN,Hs.323445
NUDT22,Hs.744098
SRRT,Hs.111801
CLK3,Hs.584748
KARS,-
NR1H3,Hs.438863
LTBP3,Hs.289019
SMARCC2,-
SRP9,Dm.6073
PSMB5,G8JLC2
NELF,Hs.455336
CIZ1,Hs.212395
ACP2,-
ARFRP1,Hs.389277
KLC2,-
DNAJB5,-
SIGIRR,-
PIP5K1A,Hs.661888
PHPT1,Hs.409834
DOLPP1,Hs.21701
FXYD3,Hs.301350
KLK11,Hs.57771
PUF60,Cel.16454
ZNF692,Hs.377705
DHRS1,Hs.348350
CPT1C,Hs.112195
ATF6B,Hs.42853
GRAMD1A,M0QZ12
AGER,Hs.534342
ANP32E,Hs.656466
LYSMD1,Hs.591482
EDC3,Hs.96852
CASKIN2,-
PIEZO1,Hs.377001
LTB4R,Hs.567248
BANF1,-
NDOR1,Hs.512564
CD58,-
DOK3,Hs.720849
TM6SF1,Hs.513094
EFCAB3,Hs.152670
PALM3,Hs.444298
Smad3,Hs.742270
RELA,Hs.502875
TMC4,Hs.355126
LRTOMT,-
ALDH16A1,Hs.719998
SETDB1,-
EHMT1,Hs.495511
GLG1,-
RDH13,Hs.731615
JPH4,Mm.19047
MBOAT7,-
MFSD10,-
RASGRP4,Hs.130434
KDM5C,Hs.631768
BNIPL,Hs.591473
FCHO1,Hs.96485
GYS1,Hs.386225
TMEM189,-
C17orf109,Hs.528605
C17orf110,Hs.662541
ZNF580,-
WDR81,Hs.234572
VSIG10L,-
EIF4ENIF1,Hs.517559
DOK7,Hs.122110
LTB4R2,Hs.657595
PYGM,Hs.154084
ACIN1,Hs.124490
SLC25A11,-
GDPD1,Hs.631744
SKA3,Hs.88523
CLCF1,Hs.502977
DHX40,Hs.29403
SPDYE2L,Hs.433879
TPBG,Hs.82128
NDUFB4,-
CUL7,Hs.520136
SAP25,Hs.633863
PCTK1,Hs.496068
LPPR2,Hs.6846
IFITM10,Hs.121575
CLCN2,Hs.436847
FAM131A,-
CAMTA2,-
CXorf40A,Hs.719441
FUZ,Hs.288800
CELF3,Hs.26047
RAB40C,-
SLC34A3,Hs.432442
SF1,Hs.502829
STAT6,Hs.524518
TSSK4,Hs.314432
PEX11B,-
ESYT1,Hs.632729
C9orf25,Hs.493771
KIAA0430,F8VVB8
NOL3,Hs.513667
ARHGDIA,Hs.599508
TMEM238,Hs.534672
FAM193B,-
SYTL1,Hs.469175
NUP62,Hs.574492
DIDO1,Hs.679107
UCKL1,Hs.695829
MAP3K12,-
ATF5,Hs.9754
POGZ,Hs.489873
EIF4G1,-
DDIT3,Hs.505777
C19orf81,Hs.531650
TRPM4,Hs.467101
IRF3,Hs.731922
HIRIP3,Hs.567370
ARNT,Hs.632446
ADCY4,Hs.443428
PI4KB,Hs.632465
RBM4,Hs.523822
PSMC5,Hs.79387
CEP112,Hs.408676
MYL6B,Hs.632731
MDP1,Hs.220963
NEDD8-MDP1,-
SH3GL1,Hs.97616
MDM4,Hs.715871
FLT3LG,Hs.428
SCNM1,Hs.732060
CHTOP,Hs.611057
KAT5,Hs.397010
TFR2,Hs.544932
RNF40,-
PRMT1,Hs.20521
C16orf3,Hs.633032
EIF1AD,Hs.425178
DEF8,H3BMT5
LOC100293534,-
KLHDC3,-
PDE8A,Hs.9333
B9D1,Hs.462445
CD2BP2,Hs.202677
SPIB,Hs.437905
STX5,Hs.654602
TAOK2,Hs.291623
ZBTB7B,Hs.729279
TRIM65,Hs.189823
ANKRD11,Hs.335003
ARAF,Hs.446641
KIF22,Hs.612151
KRT8,Hs.708445
TMPRSS3,Hs.208600
PTK6,Hs.51133
DENND2C,Hs.654928
PRRT2,Hs.655071
TRIM46,Hs.287735
NR1H2,Hs.432976
CHD2,Hs.220864
AP1S1,Hs.489365
CTSW,Hs.416848
DSCAM,Hs.397800
EEF1G,Hs.144835
CELSR2,-
EIF4B,Hs.702041
GAS8,Hs.431792
HAS1,Mm.255701
SLC29A2,Hs.736345
ABCA2,-
ADRBK1,-
CFB,Hs.69771
CENPB,Hs.516855
COX5B,Hs.1342
CTSD,-
CYC1,Hs.289271
EEF1A2,Hs.433839
FAU,-
GABPB1,H0YNZ0
GH2,Hs.406754
HMGB1,Hs.596078
HNRNPA1,Hs.655424
IGHMBP2,-
LRCH4,Hs.125742
LTBR,-
MC1R,Hs.513829
MAP3K3,J3QS19
MAP3K11,Hs.502872
NUDT1,Hs.534331
NRAS,-
NTSR1,Hs.590869
PBX2,Hs.718462
PDE2A,-
PFDN5,-
PFKL,Hs.255093
PLCG1,Hs.268177
PNN,Hs.409965
POLA2,-
POLD1,-
PSMB4,Hs.89545
PSMC3,Hs.250758
PSMD4,Hs.505059
PSMD7,Hs.440604
RDBP,Hs.423935
SLC10A1,Hs.952
SMARCD1,Hs.79335
SNRNP70,Hs.467097
SP2,Hs.514276
SPG7,Hs.185597
SUPT4H1,-
SURF1,Hs.512464
TCEA2,Hs.505004
NFE2L1,J3KSR3
TFF1,Hs.162807
TM7SF2,-
TPT1,Hs.374596
VGF,Hs.587325
ZAN,Hs.307004
ZFP36,Hs.534052
MZF1,Hs.399810
PAX8,Hs.469728
DOC2A,Hs.355281
PPFIA1,H0YDZ8
ITGA10,Hs.158237
PPFIA3,-
NOP14,Hs.627133
STC2,Hs.233160
SSNA1,Hs.530314
EIF4EBP3,Hs.594084
EIF3G,Hs.529059
EDF1,Hs.174050
GPAA1,Hs.627962
TNFRSF6B,Hs.434878
NAPA,-
GALR2,Hs.666366
AP1G2,Hs.569375
RPS6KB2,-
UBE2M,-
CLK2,Hs.73986
BDH1,-
AP2S1,Hs.119591
Fas,Hs.83190
NDUFB7,Hs.532853
DRG1,Hs.115242
STK19,Hs.654371
FIBP,Hs.7768
CYTH2,Hs.144011
RECQL4,-
RIN1,Hs.1030
CALR,Hs.515162
CTSH,Hs.148641
ENSA,Hs.632456
EPHB4,Hs.437008
BPTF,Hs.444200
FARSA,K7EPH2
GOLGA2,Hs.155827
HNRNPAB,-
KCNQ2,Hs.161851
MYBPC2,Hs.85937
NDUFA3,-
OVOL1,Hs.134434
SULT2B1,Hs.369331
C21orf33,Hs.413482
USP11,Hs.171501
PRPF3,Hs.11776
ARHGEF1,-
GPR37L1,Mm.272290
PEX16,Hs.100915
DDX23,Hs.130098
KCNK6,Hs.240395
IL27RA,Hs.352155
NAPSA,Hs.512843
C16orf7,Hs.164410
ACTN4,Hs.270291
MRPL49,Hs.744882
C21orf2,Hs.517331
DMWD,Hs.515474
KCNC3,-
MARS,-
RAD23A,-
SLC27A4,Hs.656699
RBM8A,Hs.591455
DOPEY2,-
SART1,Hs.502883
ALDOC,Hs.155247
GNB2,C9JIS1
GNL1,Hs.83147
NCL,Hs.79110
PDLIM7,-
MAPK8IP1,Hs.234249
NAALADL1,Hs.13967
MED16,Hs.365207
CFL1,-
DOM3Z,Hs.153299
HSF1,-
LAD1,Hs.519035
LAMA5,Hs.473256
PTPRCAP,Hs.155975
SCAMP3,Hs.200600
KCNK7,Hs.175218
ARPC1B,-
ACTR1B,Hs.98791
TRIM28,-
SLC35B1,-
SAP18,Hs.524899
BCAS2,Hs.22960
MCM7,Hs.438720
NAB2,Hs.159223
VPS72,Hs.2430
ALKBH1,-
PCNT,Hs.474069
MRC2,Hs.7835
APBB3,Hs.529449
AGFG2,Hs.521083
GNB2L1,-
PIAS3,Hs.435761
NUCB1,Hs.631602
PSME1,Hs.75348
DPF2,-
RRAS,Hs.515536
SSSCA1,Hs.25723
ANP32B,Hs.730654
AGPAT1,Hs.409230
SPTLC1,Hs.90458
PRPF8,Hs.181368
HEXIM1,Hs.586945
SPAG5,Hs.514033
POLR3C,Hs.515768
PTPRE,Hs.127022
ZNF217,Q9BZ31
STARD10,Hs.188606
RUVBL2,Hs.515846
SIPA1,Hs.530477
CDC42EP2,Hs.343380
MORF4L1,-
KDELR1,-
COPS6,Hs.15591
SF3B2,Hs.406423
TMED1,Hs.661691
ADAP1,Hs.602573
RNF5,Hs.731774
SKIV2L,Hs.89864
SPTBN2,-
SYN1,Mm.439844
ADRM1,Hs.90107
WWP1,Hs.655189
RER1,Hs.525527
CD160,Hs.488237
VEZF1,Hs.463569
PKP3,Hs.534395
GALNT6,-
NXPH3,Hs.55069
PNKP,Hs.78016
STAT1,Hs.642990
HSP90AB1,Hs.509736
DDX42,Hs.702010
ADAT1,Hs.729312
CA14,Hs.528988
RABGAP1,Hs.271341
B3GAT3,Hs.502759
SLC27A5,Hs.292177
KCNH3,Hs.64064
NTSR2,Hs.131138
GMEB2,Hs.473286
RPL13A,Hs.523185
FHOD1,Hs.95231
SAP30BP,-
C11orf2,Hs.277517
IL17C,Hs.278911
POLM,Hs.596982
SAC3D1,Hs.23642
CCDC106,-
SNX8,Hs.584900
TFPT,Hs.590939
TMOD4,Hs.709681
ANAPC2,Hs.533262
SERTAD3,M0R352
SLC25A24,-
FTSJ2,Hs.279877
PILRA,Hs.444407
C11orf51,Hs.38044
LRP10,Hs.525232
LAT2,Hs.596643
CHMP4A,-
TMEM208,-
AP2A1,Hs.467125
ZNHIT2,Hs.121025
QPRT,Hs.513484
CIDEB,Hs.642693
CHMP2A,-
RNF115,Hs.523550
PRPF19,-
TOR1B,Hs.252682
CNOT3,Hs.343571
ARHGEF10,-
ZNF592,Hs.79347
LRRC14,-
GREB1,Hs.467733
DHX34,Hs.151706
SETD1A,Hs.297483
MLL4,Hs.676457
KIAA0195,-
DHCR24,Hs.498727
ARHGEF17,-
TRIM14,Hs.575631
PLEKHM1,Hs.514242
FARP2,Hs.726316
OSBPL2,-
SV2A,Hs.516153
SEC16A,Hs.522500
HELZ,-
PDAP1,Hs.632296
PLEKHA6,Hs.253146
TCF25,Hs.415342
PDXDC1,-
ZHX3,Hs.380133
SETX,Hs.460317
SETD1B,Hs.507122
N4BP3,Hs.101761
FAM168A,Hs.475334
RPRD2,Hs.213666
NUP160,-
SPRYD3,Hs.343334
SMG5,Hs.516837
NUP188,Hs.308340
SCRIB,Hs.436329
SPEF1,Hs.72620
COBRA1,Hs.521809
TBC1D10B,H3BSE1
GPATCH4,Hs.708599
PRPF31,Hs.515598
GTPBP5,Hs.340636
GLTSCR1,-
COL5A3,Hs.235368
STMN3,Hs.639609
TRIM33,E7EN20
NMD3,Hs.598836
SLC35C2,Hs.593344
FAM158A,Hs.271614
HDGFRP3,Hs.513954
BOLA1,Hs.13880
TRAPPC4,-
SHANK1,Hs.715488
EGLN2,Hs.730737
AMOTL2,-
TRAPPC2L,-
DDX41,Hs.484288
SRRM2,Hs.433343
RTEL1,Hs.745057
SCLY,Hs.731909
C9orf78,-
ZNF581,Hs.20768
GOLM1,Hs.494337
EFEMP2,Hs.731454
PTOV1,Hs.587979
SURF2,Mm.389260
TMED9,Hs.279929
CDC42BPG,Hs.293590
MED29,Hs.611541
PPP1R12C,K7ER83
FTSJ3,-
FAM83E,Hs.165803
C9orf167,Hs.495541
EPS8L1,-
RNF43,Hs.584916
LIME1,Hs.233220
EXD3,Hs.721419
SSH3,Hs.29173
LAMTOR1,-
PIH1D1,Hs.5245
ZCWPW1,Hs.105191
CCDC94,Hs.21811
SMG8,Hs.7296
ARF,Q8N6T3
C7orf43,F8WFE0
PRR11,Hs.631750
RNF121,-
TBC1D2,Hs.371016
RRN3,Hs.720348
ABCA5,Hs.731824
MYO5C,Hs.487036
NANS,Hs.665191
EXOSC4,Hs.632041
TNXB,Hs.485104
PPP1R37,-
KLK12,Hs.411572
SLC2A4RG,Hs.435126
SEMA4B,-
PPAN,-
YIF1A,Hs.446445
ANKHD1-EIF4EBP3,-
ZNF512B,Hs.740578
PRR12,Hs.590971
ALPK3,Hs.459183
ZNF687,-
COL20A1,Hs.271285
NCOA5,Hs.654991
CSH1,Hs.654515
MYL6,Hs.632717
HIST1H2BD,Hs.591797
NMB,Hs.386470
ADCY1,Hs.192215
POLD4,Hs.523829
CATSPERG,Hs.324335
PRUNE,Hs.78524
SCAF1,-
SNX6,Hs.356647
C12orf10,Hs.655988
TSKS,Hs.515858
LMAN1L,Hs.620644
PPP1R11,Hs.82887
FBXW4,Hs.500822
CERS2,Hs.744017
GPSM3,Hs.520046
PRSS22,-
XYLT2,Hs.718822
GIGYF1,Hs.414396
SMURF2,Hs.515011
RMND5B,Hs.27222
TUT1,Hs.728983
DDRGK1,Hs.471975
YIPF2,Hs.164026
SLX1B,-
METTL16,Hs.632237
TRAPPC6A,Hs.466929
C9orf16,Hs.522412
PPDPF,Hs.79625
LENG1,Hs.590974
C16orf53,Hs.702841
BBS1,Hs.502915
C11orf80,Hs.292088
PRKRIP1,Hs.722104
IPO4,Hs.411865
IGFLR1,Hs.352548
AAGAB,Hs.602761
ELMO3,Hs.377416
ZDHHC11,-
SNX22,Hs.744250
ZNF672,Hs.521151
MUS81,Hs.288798
DNAJC5,Hs.164419
ZBTB46,Hs.585028
RNF39,Hs.121178
LIMD2,Hs.591166
SNX27,Hs.192326
CDT1,Hs.122908
TRIM56,Hs.521092
MED25,Hs.745568
SHARPIN,Hs.529755
RAB1B,Hs.300816
CABLES2,-
RNF208,Hs.512767
FERMT3,Hs.180535
CACNG8,Hs.631595
FRMD8,Hs.578433
FAM186B,Hs.524406
RNASEH2C,-
CHD6,-
PCNXL3,Hs.380801
MNF1,Hs.745020
MXRA8,Hs.515687
SYVN1,Hs.75859
SPIRE2,-
C9orf24,Hs.50334
ABHD1,Hs.375791
PCGF1,Hs.316750
SUV420H2,-
ZBTB45,-
SPPL2A,-
TMEM87B,-
CIRH1A,-
WDR73,Hs.745027
RELT,F5GYS9
PPP1R16A,Hs.521937
TRIM4,Hs.50749
GAL3ST3,Mm.447174
RRP36,Hs.309231
ZNF628,Hs.525209
SURF4,Hs.512465
ZFHX2,-
TRIM41,Hs.441488
WDR34,Hs.495240
CCDC97,Hs.437497
GADD45GIP1,Mm.489649
MBD6,-
STK11IP,Hs.22410
LENG8,Hs.502378
MOB2,Hs.370360
WFIKKN1,Hs.345818
UBE2J2,-
PTPN6,-
SAMD10,-
ABHD16B,Hs.266774
SRMS,-
OSCAR,Hs.347655
ELMO2,Hs.210469
DEDD2,Hs.741580
SPACA4,Hs.122599
JOSD2,Hs.737597
CEP95,Hs.569713
AP5B1,Hs.591957
FAM71E1,Hs.448941
C12orf57,-
MFSD3,Hs.7678
TECR,Hs.515642
WDR85,Hs.292570
MSI2,Hs.658922
MAPK15,Hs.493169
TMEM190,Hs.590943
LGI4,Hs.65256
COX6B2,Hs.550544
DCST2,Hs.591491
ADHFE1,Hs.720023
CAPN12,-
APOA1BP,Hs.528320
TSNARE1,Hs.370931
CCNY,Hs.14745
CENPBD1,Hs.733302
TIGD3,Hs.632121
CERS5,Hs.270525
C15orf42,Hs.441708
C15orf27,Hs.661411
SPATA2L,-
C9orf163,Hs.212613
SNX32,Hs.591950
TSGA10IP,Hs.350671
APCDD1L,Hs.119286
AGXT2L2,Hs.248746
DNAJB13,Hs.567888
LIX1L,Hs.740619
REM2,Hs.444911
ZNF584,Hs.439551
INO80E,Hs.434864
HEXDC,Hs.744207
C14orf21,Hs.708040
C19orf63,Hs.515550
SIX5,Hs.43314
SLC35B2,-
PILRB,Hs.521075
LCN12,Hs.440519
ZACN,Hs.714919
MRPL21,Hs.503047
GJC3,Mm.332771
METTL2A,-
CNIH2,Hs.437072
THEM5,Hs.132648
ANKDD1A,Hs.207157
WASH1,Hs.585931
TMPRSS9,Hs.465560
HNRNPA3,-
GANAB,Hs.595071
NKPD1,Hs.299256
FAM83H,-
CCDC84,Hs.534613
LENG9,Hs.590976
CARM1,Hs.323213
TMEM189-UBE2V1,-
LRRC37A3,Hs.744758
NOTCH2NL,Hs.655156
USP50,Hs.677758
MAMDC4,Hs.376780
ZNF467,Hs.726477
ZDHHC24,Hs.659933
TSEN54,Hs.378501
ANKRD13D,Hs.438673
FAM174B,-
RPL30,-
RPS27,-
RAB24,Hs.16258
KREMEN1,Hs.229335
sept9,Hs.440932
DPEP1,Hs.109
SYT12,Hs.287636
AP2A2,Hs.19121
MYC,Hs.202453
HMHA1,Hs.710732
NAA38,-
FMN2,Hs.24889
ANO2,Hs.148970
GRHL2,Hs.661088
OPRL1,Hs.2859
EIF2B4,Hs.169474
MLLT4,-
FSCN2,Hs.118555
NCOR2,Hs.137510
C17orf67,Hs.658949
RC3H2,Hs.709775
CYP4F11,Hs.187393
TMPRSS2,-
NFATC2,Mm.116802
PRKAR1B,Hs.520851
BANP,Hs.461705
KLHDC4,Hs.123450
RPH3AL,-
SERINC2,-
CDH4,Mm.184711
TSSC1,Hs.502770
MUC6,Hs.528432
SLC12A7,-
PTGES3,Hs.50425
CNTNAP2,Hs.655684
SNX17,Hs.278569
C20orf26,Hs.729168
FAM18B1,Hs.87295
MLL5,Hs.592262
MRPS21,-
CLPTM1L,Hs.444673
FAM120B,Hs.369522
COL22A1,Hs.117169
ZNF791,-
GATA3,Hs.524134
MPPED1,-
TTC39A,Hs.112949
ICAM2,Hs.431460
EIF2AK1,Hs.520205
C15orf38,Hs.744890
KPNA2,Hs.594238
PTPRN2,Hs.490789
COX6C,Hs.351875
AP3S2,Hs.632161
PYCARD,Hs.499094
RPGRIP1,Hs.126035
DHRS13,Hs.631760
NSMCE2,Hs.388297
COL5A1,Hs.210283
GABRB1,Hs.27283
LEPR,Hs.23581
RCC1,Hs.469723
PLXNA4,Hs.511454
MICAL3,-
SET,Hs.436687
CDHR2,Hs.4205
MUC4,Hs.369646
CACNG4,Hs.514423
TMEM242,Hs.157212
CMIP,Hs.594095
CUGBP2,Hs.309288
CD68,Hs.647419
FAM211A,Hs.25425
RUNDC3A,Mm.2560
WDR27,Hs.131903
KAT6B,Hs.35758
BPI,Hs.529019
MAL,Hs.80395
SLC9A3,Hs.658120
NTN5,Hs.326217
HFM1,Hs.454818
S100A13,Hs.516505
MGRN1,Hs.526494
APBB2,Hs.479602
FOXK2,Hs.591140
TTI1,Hs.655481
CRIM1,Hs.699247
RPRD1B,-
SLC35A4,Hs.406840
PHACTR3,-
PARP10,-
Caprin1,-
JAG1,NM_000214
hnRNPL,NM_001005335
BCBL1,-
ACADVL,-
SGCA,Hs.463412
ABCD1,Hs.159546
ALDOA,Hs.513490
APOE,G3UWW2
ASL,Hs.632015
CBS,Hs.533013
CDK4,Hs.95577
COL1A1,-
CSTB,Hs.695
CYBA,-
ENG,Hs.76753
EPOR,Hs.631624
GIPR,Hs.658534
LCAT,Hs.387239
SGCG,Hs.37167
NM23,Hs.463456
PDE6B,Hs.654544
PHKG2,Hs.65735
PKD1,Hs.75813
ROM1,Hs.281564
SCN4A,Hs.46038
TPI1,-
AIRE,Hs.129829
ERCC2,Hs.487294
NOTCH3,-
PLEC,Hs.434248
RFX5,Hs.632472
THPO,Hs.1166
GALNS,Hs.271383
GH1,Hs.655229
LDLR,Hs.713981
MAN2B1,Mm.4219
SLC11A1,Hs.591607
SERPINE1,Hs.713079
C8G,Hs.1285
CD79B,Hs.89575
TGFB1,Hs.645227
ADORA1,Hs.77867
ALDH3B1,Hs.523841
ALDH3B2,Hs.87539
ATP4A,Hs.36992
BCKDHA,-
CACNG1,Hs.147989
CHRM4,Hs.248100
CHRNA4,Hs.10734
DRD4,Hs.99922
FOLR2,Hs.433159
GRIN1,Mm.278672
P4HB,Hs.464336
PC,Dm.13644
PLCB3,Hs.523761
PPIB,Hs.434937
PRRG2,Hs.35101
PTGDS,Hs.446429
PTGER1,Hs.159360
RPL7A,Hs.499839
RPL8,-
RPL12,Hs.408054
RPL23A,Hs.419463
ATP2B4,H7BZS8
C16orf42,Hs.134846
NCCRP1,Hs.726934
PDE9A,Hs.473927
ZNF425,Hs.31743
FAM166A,Hs.522530
C8orf82,-
HCFC1R1,-
PUS1,-
ATP5G1,-
ARL6IP4,Hs.103561
DNAJB12,Hs.500013
ZNF787,Hs.397153
ANXA2,Hs.511605
PTRH1,-
C11orf49,-
STRADA,Hs.514402
SMARCD3,Hs.647067
HNRNPD,-
SLC6A19,Hs.481478
CAPNS1,-
GRK6,Hs.235116
ZNF740,Hs.524458
C7orf61,Hs.632306
RNASEK,Hs.632232
C9orf173,Hs.372640
METRNL,Hs.378821
TMEM198,Hs.446664
PSRC1,Hs.405925
SREBF1,-
hnRNPL,Hs.644906
RGS10,Hs.501200
LRSAM1,Hs.495188
NFASC,Hs.13349
NEURL4,-
PKP4,Hs.407580
CHEK2,Mm.279308
ERBB3,Hs.622058
JMJD8,Hs.533771
ALG3,Hs.478481
ATN1,Hs.143766
C20orf201,Hs.570316
IGSF3,Hs.171057
C1QL4,Hs.380386
LPHN1,Hs.94229
PPP1CA,-
RPS5,Hs.378103
BRD9,Hs.449278
B3GNTL1,Hs.607824
PHF19,Hs.460124
SSBP4,Mm.6667
EME2,Hs.7247
DSTN,-
HICE1,Hs.404088
ANO9,Hs.501622
MDK,Hs.82045
U2AF2,Hs.528007
MYPOP,Hs.515478
C9orf106,Hs.449434
ZKSCAN2,-
SNX30,Hs.522350
RPS9,Hs.467284
PRR25,Hs.528461
LRRC26,Hs.669977
STAP2,Hs.194385
AKT1,Hs.525622
DBNL,Hs.436500
TMEM93,Hs.30011
PAK4,Hs.20447
C16orf93,Hs.724010
BAG5,Hs.5443
MPG,Hs.459596
RAE1,Hs.496449
SP3,Hs.531587
LGR6,Hs.497402
CYB561,-
ZHX1,Hs.521800
C2orf76,-
C5orf45,Hs.741169
PCK2,Hs.75812
FPGS,-
RPS16,Hs.397609
CANX,-
LRRC24,Hs.740859
CD276,Hs.744915
ARPC4,Hs.323342
RPS14,-
CD97,Hs.466039
TSPAN4,-
CPLX3,Hs.187694
ARHGAP5,-
CTNS,Hs.187667
PLD3,Hs.257008
PRPF40B,Hs.706827
INF2,Hs.24956
MRI1,Hs.439370
CALML4,Hs.709550
FDX1L,Hs.654865
CCDC78,Hs.381943
CPT1A,Hs.503043
STXBP1,-
RCE1,Hs.654972
KLF10,Hs.435001
ENTPD8,Hs.512562
CSTF1,Hs.172865
ESRP1,Hs.487471
FAM102A,Hs.535972
RPL41,Hs.356799
FAM129B,Hs.522401
SCN1B,Hs.436646
CNTROB,-
EIF3B,Hs.371001
SIL1,Mm.291482
SCNN1A,Hs.591047
CDC42SE1,Hs.22065
C20orf27,-
KIAA1984,Hs.728796
ATP6V0B,-
NPRL3,Hs.19699
PRSS53,Hs.569575
RUSC1-AS1,Hs.650801
CCNL2,Hs.515704
DPH2,Hs.632398
PRMT5,-
MTL5,Hs.145932
TNFRSF25,Hs.462529
YIF1B,Hs.280741
GPX4,Hs.433951
C19orf46,Hs.436743
STRN4,Hs.631590
FKRP,Hs.515493
ZNF808,Hs.729294
C19orf55,Hs.527982
ZNF384,F5H0D6
INTS6,C9K0V7
ARL16,Hs.658789
CD37,Hs.166556
CD63,Hs.445570
LFNG,Hs.159142
FAM63A,Hs.743952
DCUN1D4,D6RIY3
U2AF1L4,-
CCDC56,Hs.16059
MAPK8IP3,Hs.207763
NCALD,Hs.492427
SLC29A4,Hs.4302
RALGDS,Hs.106185
SLC16A3,-
CRTC3,Hs.567572
RRBP1,Hs.472213
DBNDD1,Hs.301394
SDHAF1,Hs.356460
PLEKHG5,Hs.619982
MFSD12,Hs.656901
METTL12,Hs.640726
CEMP1,Hs.737156
C9orf116,Hs.414028
UBXN11,-
POMT1,Hs.522449
TSEN34,Hs.15580
JRK,Hs.535903
SFRS1,Hs.744140
HNRNPUL2,Hs.657058
DBI,Hs.78888
CUL4B,Hs.102914
PRKD2,-
AATK,Hs.514575
KDM6B,Hs.223678
INTS1,-
ASPG,Hs.207776
SYCN,Hs.124123
FBXO46,Hs.128702
C9orf172,Hs.495485
SETD5,Hs.288164
COMMD5,Hs.631856
RGS9,Mm.38548
ZNF623,Hs.43133
TMEM219,-
STRN3,Hs.401843
WDR62,Hs.116244
PLOD3,Hs.153357
ABR,Hs.159306
ACCN2,Hs.274361
TMEM184A,-
HDAC7,Hs.200063
SGSM2,Hs.513861
PELI3,Hs.656875
USP5,-
PCBP2,Hs.546271
OBSCN,Hs.656999
ATXN7L3,-
GBX1,-
HEATR7A,Hs.443139
POM121C,-
ULK3,Hs.513034
FAM54B,Hs.149305
FAM86C1,Hs.567527
TRIM32,Q5JVY0
WDR83,Hs.657204
FBXL19,-
SBNO2,Hs.408708
IQCE,Hs.520627
C19orf60,Hs.655317
ZNF707,-
10-Mar,Hs.665663
C8orf73,Hs.531406
ST20,Hs.729127
FAM72B,Hs.339665
PACS2,-
ACTB,Hs.520640
ZNF160,Hs.655967
EPN2,Hs.743983
CCDC64B,Hs.513285
TLE3,Hs.287362
RUSC1,Hs.226499
MYBBP1A,Mm.147946
DGKZ,Hs.502461
ADAM8,Hs.501574
C16orf92,Hs.651588
SRRM3,Mm.271230
KIAA0284,Hs.533721
TEN1,Hs.593566
LDB1,Hs.454418
FOXP3,Hs.247700
ITGAL,Hs.174103
MGAT1,Hs.519818
WDR26,Hs.497873
ADD1,H0YFD8
FAM178B,Hs.107922
CCBL1,-
SLC50A1,Hs.292154
BSCL2,Hs.533709
BCKDK,Hs.513520
ZBTB1,Hs.605143
SPNS2,Hs.22824
SLC25A19,-
TUFT1,Hs.489922
LY6E,Hs.521903
LRRC8A,Hs.643600
CRY2,Hs.532491
AP4S1,Hs.293411
TSPAN14,A6NEP9
DLG4,Hs.463928
TOMM40,-
CYHR1,Hs.459379
SLC9A3R2,-
SHC1,Hs.433795
EEF1D,Mm.258927
MYO9B,-
EPN1,Hs.279953
HSPBP1,-
SPTAN1,-
HRAS,Hs.37003
LY6H,Hs.159590
C14orf93,Hs.255874
TTLL6,Hs.91930
PSMG3,Hs.446311
C7orf50,Hs.653258
KIAA0182,Hs.461647
OST4,Hs.502948
C14orf80,-
DPF1,Hs.631576
ABI3,Mm.485545
FKBP2,Hs.227729
PIP5KL1,Hs.734928
C19orf71,Hs.664978
INPP5K,-
YWHAZ,H0YB80
FDPS,-
FCGRT,Hs.111903
NFATC4,-
TMUB1,Hs.726215
KANK2,Hs.723365
TNPO2,Hs.714402
FZR1,Hs.413133
ISOC2,Hs.467306
RCC2,Hs.380857
CISD3,Hs.713595
GPR107,Hs.512461
ZBTB42,Hs.170853
BCAP31,-
CNST,Hs.368353
RAB11FIP3,Hs.531642
ARCN1,E9PK34
SQSTM1,E9PFW8
THOC6,Hs.412304
PPP3CB,-
PTPN18,-
MGEA5,H7C3X0
PPP1R13L,-
ADCK4,Hs.130712
ITPK1,Hs.308122
CHID1,Hs.144468
HSD3B7,Hs.460618
C17orf49,Hs.511801
SLC6A8,-
C21orf56,Hs.381214
MXD3,Hs.743332
DCST1,Hs.567717
EIF5A,Hs.534314
CTDNEP1,-
PHOSPHO1,Hs.405607
TPCN1,-
EFCAB2,-
WRAP53,Hs.408312
RASSF7,Hs.72925
ABCC3,Hs.463421
PHLDB1,Hs.504062
PHB2,Hs.504620
BAIAP2,-
SSC5D,Hs.554182
SCRN2,Hs.239718
NR2F2,Hs.347991
SLC35C1,E9PS26
SIN3A,Hs.513039
FAM71E2,Hs.528319
TMEM205,Hs.8036
PFKFB3,Hs.195471
YPEL3,-
GPSM1,Hs.239370
SAE1,Hs.515500
HOMER3,Hs.720208
MEF2B,Hs.153629
SH2B1,Hs.15744
AMDHD2,-
MTMR11,Hs.425144
SARS2,-
PAFAH1B3,-
SLC12A4,Hs.10094
IGFALS,Hs.839
MOGS,Hs.516119
WRB,Hs.198308
PODNL1,Hs.448497
SPSB2,Hs.479856
SYNCRIP,Hs.571177
CANT1,Hs.8859
MPND,Hs.321689
RHOBTB2,Hs.372688
TRAPPC9,-
TLCD1,Hs.499952
TULP3,Hs.655333
ZBP1,Hs.302123
IGF2BP1,-
NPTN,Hs.744867
JMJD4,Hs.745334
CCDC166,Hs.730002
PLXNB3,-
QPCTL,Hs.631556
FBXO24,Hs.283764
C17orf72,Hs.708161
SLC37A4,Hs.719203
GOLGA6C,Hs.540230
CDK5,Hs.647078
CBY3,Hs.535767
MUC12,Hs.489355
IGFN1,Hs.519024
ENDOV,Hs.728933
ARHGAP4,Hs.701324
ZFHX3,-
BCAT2,Hs.512670
ERCC1,-
SPINT2,-
CARNS1,Hs.502982
TRIP13,Hs.436187
SHMT2,-
TRAPPC1,-
XIAP,Hs.736565
NAV1,Hs.585374
ATP5SL,Hs.351099
INCA1,Hs.658926
TMEM92,Hs.224630
TBC1D17,M0QXA2
NSUN5,Hs.647060
TSPAN3,-
PGAM5,Hs.102558
FUS,Hs.46894
BCAR1,Hs.479747
SRPK3,Hs.104865
ISYNA1,Hs.405873
STRBP,Hs.287659
ZMYM3,Hs.522684
CCDC148,Hs.668597
RNF166,-
FNDC5,Mm.44075
RRM2B,Hs.512592
ZNF668,-
IL-34,Hs.461214
OBSL1,Hs.526594
AAAS,Hs.369144
C9orf86,Hs.370555
SMG7,Hs.591463
POLL,Hs.523230
PRR7,Hs.534492
DMXL2,-
LMX1B,Hs.129133
SEMA6C,Hs.516316
ASTN2,Hs.601562
CTTN,-
FLAD1,Hs.118666
PACSIN3,-
CLDN7,Hs.513915
CLDN15,Hs.38738
RNF224,Hs.730186
DGCR8,Hs.643452
YJEFN3,Hs.729508
TAF6,Hs.489309
MTRNR2L3,Hs.727477
ARPC1A,-
BCL2L1,-
SIRT6,Hs.423756
TMEM127,C9J4H2
RSPH9,Hs.534585
MRPS18A,-
UNKL,Hs.745452
PPP2R4,-
NUDT16L1,-
ENO3,-
FAM65A,-
CSRP1,Hs.108080
MATR3,Hs.268939
MEPCE,Hs.178011
TEX22,Hs.729499
LOC646862,Hs.728121
C17orf57,Hs.463303
ZNF865,Hs.729114
VAPB,-
CHPF,Hs.516711
FAM213B,Hs.462033
MLL,A0A075TKX8
TUBB3,-
DKKL1,Hs.515855
MCL1,Hs.632486
HSPA12B,Hs.516854
ATP6V0C,Hs.389107
MFAP4,Hs.296049
GNGT2,Hs.181781
ABCC10,-
BAIAP3,Hs.458427
TBC1D24,-
GTF2IRD1,-
CLIP3,Hs.466539
PTK2,-
BGLAP,Hs.654541
SLC4A2,Hs.647069
ARL2,Hs.502836
MTHFS,Hs.194294
ST20-MTHFS,Hs.459049
PTPN7,-
BCL2L2-PABPN1,Q92843
SMURF1,Hs.189329
MARK4,Hs.34314
PDK2,Hs.256667
ACTG1,-
ZNF513,-
ASB6,Hs.125037
UBE2G2,F8WDB1
NIPSNAP1,Hs.173878
CUX1,Hs.191482
MIA,Hs.646364
ECM1,Hs.81071
MTA1,Hs.525629
DBP,Hs.528006
C8orf76,Hs.707401
PPP5C,Hs.654604
RBAK,Hs.396178
EIF4A1,-
RBAK-LOC389458,-
SSR4,Hs.409223
TAX1BP3,Hs.12956
NPEPL1,-
BNIP1,Hs.145726
RNF223,Hs.568137
FGF8,Hs.57710
KIAA1271,Hs.570362
POLR1D,Hs.507584
PKM2,Hs.534770
TGOLN2,F8W8W7
CTDSP1,H7C3E0
DHPS,Hs.79064
SERPINH1,-
KLK7,Hs.151254
ZNF48,Hs.513501
CA11,Hs.428446
CD27,Mm.367714
AHRR,Hs.50823
TMEM147,-
LOC283403,-
SLC22A31,Hs.743726
BRF1,Hs.424484
RNF41,Hs.524502
ARFGAP2,-
PRMT2,-
LOC100287036,-
ANKS3,Hs.654859
SNX1,Hs.188634
RAD9A,Hs.655354
VEGFB,Hs.732095
TOB1,-
TPD52L2,Hs.473296
C12orf53,Hs.44067
ZFP36L1,G3V2D5
CSAD,Hs.279815
RAB5B,Hs.157659
C12orf32,Hs.198853
LOC440335,Hs.390599
ZNF444,-
CDC20,Hs.524947
CREB3L4,-
RNF213,Hs.195642
NAA10,Hs.433291
ARL8A,Hs.604697
ETS2,Hs.644231
CACNA1G,Hs.591169
ELOVL1,Hs.25597
SLMO2,Hs.656865
KDM2A,Hs.124147
CPSF3L,-
MAN2C1,Hs.598731
TBC1D10C,Hs.534648
NOP16,Hs.696283
NEIL1,Hs.512732
TEAD2,Hs.515534
DPP3,Hs.502914
STOML1,Hs.194816
CDK3,Hs.706766
CDK9,Hs.706809
CHKA,Hs.77221
TBCB,Hs.31053
CLPTM1,-
CLDN4,Hs.647036
CLDN3,Hs.647023
CRIP1,Hs.70327
CRIP2,Hs.534309
CSH1,Hs.654390
CSHL1,Hs.655225
CTSZ,Hs.252549
DAPK3,Hs.631844
DECR1,-
EFNB3,Hs.26988
EMP2,Hs.531561
EMP3,Hs.9999
CERS1,Hs.412355
GSTZ1,Hs.655292
HSPB1,Hs.520973
INPPL1,-
AHNAK,Hs.502756
APOC1,Hs.110675
ATF4,Hs.496487
CXCR5,Hs.113916
CCNF,Hs.1973
CD79A,Hs.631567
CDK2,Hs.689624
CDKN2D,Hs.435051
CKB,-
CKM,Hs.334347
CKS1B,Hs.374378
CLTB,Hs.484241
COL6A1,-
COL6A2,Hs.420269
COL9A3,-
COX7A1,Hs.421621
CSNK1D,-
CSNK2A1,-
CSPG4,Hs.513044
CTNNA1,-
CTRB1,Hs.610926
CTRL,Hs.654546
CFD,-
E2F4,Hs.108371
ENO2,-
EVPL,Hs.500635
FGFR4,Hs.165950
GRB2,Hs.444356
GRIK5,Hs.367799
HOXB1,Hs.99992
HRC,Hs.436885
ICAM3,Hs.654563
IDH2,-
INHA,Hs.407506
ISG20,Hs.459265
ITGA3,-
JUNB,Hs.25292
KCNN1,Hs.158173
KISS1,Hs.95008
KPNB1,-
KRT15,Hs.654570
KRT19,Hs.654568
LRP1,Hs.162757
LRPAP1,-
MAFK,Hs.520612
MIF,Hs.407995
MVD,Hs.252457
MYL5,Hs.410970
NDUFS8,Hs.90443
NGFR,Hs.681726
NME3,-
NTHL1,-
OAZ2,Hs.744924
P2RY2,Hs.572077
PCK1,Hs.1872
CDK18,Hs.445402
PDPK1,Hs.459691
PEX10,Hs.732228
PML,Hs.526464
POLR2E,Hs.24301
PPP4C,Hs.534338
PRKAR1A,-
PKN1,Hs.466044
MAPK7,-
PRSS8,Hs.75799
PSMA7,-
PSMB10,Hs.9661
PSMD12,-
PSME2,Hs.434081
PTPN9,Hs.445775
PTPRF,Hs.272062
RARS,-
RGS16,Hs.413297
MRPL12,-
RPS2,Hs.506997
RXRA,Hs.590886
SEPW1,Hs.631549
TFAP2C,-
TK1,Hs.515122
TRAPPC10,-
TRIP6,Hs.534360
TSTA3,Hs.404119
UBE2D3,-
UCP2,Hs.80658
ZNF7,Hs.493218
SLC7A5,Hs.513797
HIST2H2AC,Hs.408067
HIST2H2BE,Hs.2178
ULK1,Hs.47061
ANXA9,Hs.3346
AURKA,Hs.250822
PDXK,Hs.284491
NPFF,Hs.733076
PSMG1,Hs.473838
RFXANK,Hs.296776
STX10,Hs.43812
B4GALT2,Hs.632403
EED,Hs.503510
TNFRSF10B,Hs.661668
DPM2,Hs.108973
MCM3AP,-
FOXH1,Hs.708365
SELENBP1,-
RHBDL1,Hs.137572
PSTPIP1,Hs.129758
ARRB1,Hs.503284
EMX1,Hs.516090
IDH3G,Hs.410197
NINJ1,Hs.494457
OAZ1,Hs.446427
P2RY6,Hs.16362
TARBP2,Hs.326
PIGQ,Hs.741878
SYNGR3,-
SLC28A1,Hs.459187
EBAG9,-
SLC9A3R1,-
GOSR2,Hs.463278
ASNA1,Hs.465985
ATP2A1,Hs.657344
BAD,Hs.370254
BAX,Hs.624291
BCL9,Hs.415209
CDC25B,Hs.153752
DKFZp434D064,Hs.130316
DDX6,Hs.408461
DVL2,Hs.118640
EFNA1,Hs.516664
EPHA2,Hs.171596
ENDOG,Hs.745161
EPHA4,Hs.371218
EPHB3,Hs.2913
GPS2,Hs.438219
FOXA3,Hs.36137
HNRNPU,Hs.106212
HOXB7,Hs.436181
MYT1,Hs.279562
NDUFB2,Hs.655788
NDUFB10,Hs.513266
NDUFS6,Hs.408257
NFATC3,-
SNRPD2,Hs.515472
TAF1,-
TBX6,Hs.198301
PABPN1,-
CLIC3,Hs.64746
SYNGR2,K7ELD9
HGS,Hs.661056
SCAF11,-
AP4M1,Hs.632317
MTA2,Hs.173043
CRLF1,Hs.114948
NUMBL,Hs.326953
BZRAP1,Hs.112499
ACCN3,Hs.647113
B4GALT5,Hs.370487
CIAO1,Hs.12109
SPAG7,Hs.90436
IER2,Hs.501629
CDH15,Hs.148090
MMP14,Hs.2399
PFN1,-
PIK3R2,Hs.371344
PWP2,Hs.449076
SCD,Hs.558396
TRIM25,Hs.528952
PHOX2A,Hs.731115
BCL3,Hs.31210
CALM1,Hs.515487
CBFA2T3,H3BR72
CBX2,Hs.368410
CEBPB,Hs.517106
DLX3,Hs.134194
FOSL2,Hs.596972
GFER,-
GPD1,Hs.524418
GRK5,Hs.736460
GPT,Hs.103502
H3F3B,-
PHF2,Hs.211441
SALL2,Hs.416358
FOSL1,Hs.283565
TROAP,Hs.524399
IRS1,Hs.471508
NKG7,Hs.10306
S100A11,Hs.417004
NR2F1,Hs.519445
PSCA,Hs.652235
SOX13,Hs.201671
ABCF2,Hs.654958
SCAMP2,Hs.458917
GIPC1,Hs.741240
LPCAT3,-
NUTF2,Hs.356630
DDX39A,Mm.28222
PRDX2,Hs.432121
GDF11,Hs.600883
STX6,Hs.737037
AKAP8,Hs.594496
STUB1,-
SPEG,Hs.21639
FMNL1,-
MEF2BNB-MEF2B,-
MLLT6,Hs.91531
MMP16,Mm.187315
TSPAN31,-
Snai1,Hs.48029
LAGE3,Hs.444619
TCIRG1,Hs.495985
ATP9A,Hs.649234
IRF9,Hs.1706
TUBB4B,Hs.433615
NEDD8,Hs.531064
NTF4,Hs.266902
NTN3,Hs.158336
PA2G4,Hs.745109
PCBP1,Hs.2853
PITPNA,I3L4U7
POLE,Hs.524871
POLR2H,Hs.432574
POLR2I,-
POLR2J,Hs.654952
PPP2R5D,Hs.533308
TLN1,Hs.471014
PCGF3,Hs.731755
EMG1,Hs.744040
ZER1,Hs.147950
LRRN2,Hs.26312
ZNHIT1,Hs.211079
TADA3,Hs.386390
CAP2,Hs.132902
CREB3,Hs.522110
LRRC41,Hs.144941
STK25,Hs.516807
CHERP,Hs.740364
RNASEH2A,Hs.532851
DCTN2,Hs.289123
SIVA1,G3V439
PARP4,Hs.744855
TBL3,Hs.513267
ST6GALNAC2,Hs.592105
ARID3B,Hs.655532
TXNIP,Hs.709057
ERF,Hs.655969
SARS,Hs.531176
IFT88,Hs.187376
ELL,Hs.515260
GNB5,Hs.155090
TCFL5,Hs.126248
WNK2,Hs.654856
FTCD,Hs.415846
JTB,Hs.6396
FASTK,Hs.647094
AKAP13,-
PSKH1,Hs.513683
SURF6,Hs.274430
UPK2,Hs.379613
SYNGAP1,-
PRDX3,Hs.523302
EHD1,Hs.708818
MLLT11,Hs.75823
STIP1,Hs.337295
CCDC85B,Mm.329657
ATP5E,Hs.177530
SUMO3,Hs.474005
ZBTB25,Hs.654571
NPM3,Hs.90691
TPPP,Hs.481466
HNRNPUL1,M0R0K8
CLASRP,-
KPTN,Hs.25441
ATP5I,Hs.85539
TCHH,Hs.432416
ABCB8,Hs.647118
RPL35,Hs.182825
POLG2,Hs.437009
NXPH4,Hs.745023
HRH3,-
XPOT,-
SNF8,Hs.127249
B4GALT7,Hs.455109
COPE,Hs.10326
EXOC3,Hs.481464
GABARAP,Hs.647421
OGFR,Hs.67896
BRD3,Hs.654869
CCT5,-
DGAT1,Hs.521954
CD3EAP,Hs.710495
CBX5,Hs.349283
SLC25A10,Hs.548187
FKBP8,Hs.173464
GNG3,Mm.329700
NUBP2,Hs.256549
P2RX2,Hs.258580
FAIM2,Mm.39760
LETM1,Hs.120165
PLA2G15,-
PHLDA3,Hs.268557
PITPNC1,-
STAG3,Hs.592283
SYNGR4,Hs.408333
TIMM13,Hs.75056
PRPF6,Hs.31334
WBP1,Hs.516114
PRELID1,-
VPS4A,Hs.128420
CPSF1,Hs.493202
MYLPF,Hs.50889
SNX15,Hs.80132
YPEL1,Hs.517436
PRRC2B,-
SNX11,Hs.15827
GMPPA,Hs.27059
TIMM22,Hs.745034
KCNJ14,Hs.745133
TBX21,Hs.272409
PKN3,Hs.300485
DPP7,Hs.37916
FADS1,Hs.503546
TONSL,Hs.675285
ST6GALNAC6,Hs.109672
BAZ2A,-
CCDC22,Hs.26333
SNRNP200,Hs.246112
WDR37,Hs.188495
C19orf53,-
METTL11A,Hs.744027
MACROD1,Hs.602898
PPP2R1A,-
SRP68,Dm.899
MGAT4B,-
PATZ1,Hs.731398
EDC4,Hs.75682
PPIL2,Hs.438587
MTCH1,Hs.485262
ZNF324,Hs.515660
GAPDHS,Hs.248017
AKAP8L,Hs.399800
ZBTB32,Hs.99430
CPNE7,Hs.461775
SLC39A1,Hs.7854
RAB30,Hs.594773
UBE2S,Hs.396393
RHOD,Hs.15114
MEA1,Hs.278362
ZNF646,-
IFT140,Hs.389438
TBKBP1,-
KIAA0513,Hs.301658
MTSS1,Hs.700429
MAML1,Hs.631951
KIAA0753,-
KIAA0196,Hs.270043
DENND4B,E9PAK5
ZHX2,Hs.377090
ARSG,Hs.437249
MAST3,Hs.466184
ZNF609,L8ECF6
TBC1D9B,Hs.155829
SLC8A2,-
SIPA1L3,Hs.655502
MAST2,Hs.319481
CIC,Hs.388236
WDR43,Hs.622982
ZC3H4,Hs.104661
RRS1,Hs.71827
BOP1,Hs.535901
POFUT2,Hs.592164
ADCY6,Hs.525401
KHNYN,Hs.713590
FEM1B,Hs.592737
C17orf81,Hs.417029
EP400,-
CNOT6,Hs.608380
PTPN23,-
C15orf39,Hs.17936
TSKU,Hs.8361
RNF167,I3L1K4
CCDC9,Hs.227782
ZBTB20,-
IRF2BP1,Hs.515477
NAT9,Hs.144058
SENP3,Hs.733104
BRPF3,Hs.520096
GLTSCR2,Hs.421907
ZBTB7A,Hs.591384
UBR5,Hs.492445
LSR,Hs.466507
POMP,Hs.268742
NOSIP,Hs.7236
NDUFA13,-
GAL,Hs.278959
UTP18,Hs.709327
MRPS2,-
COPZ1,Hs.505652
FIS1,Hs.423968
MRPS23,-
STYXL1,Hs.11615
GINS2,Hs.433180
TELO2,Hs.271044
VPS28,Hs.418175
MAN1B1,Hs.279881
HSD17B14,Hs.18788
ZNF274,Hs.83761
EVL,Hs.125867
SLCO4A1,Hs.235782
C9orf114,-
COPZ2,Hs.408434
FAM203A,Hs.300224
ANKRD39,Hs.709507
MRPL27,Hs.7736
RAB8B,Hs.389733
GNG13,Hs.247888
KRCC1,Hs.469254
TNFRSF12A,I3L539
C8orf55,Hs.368402
CHRAC1,-
RBM38,Hs.236361
ALKBH4,Hs.658598
CNNM3,Hs.711617
MBTD1,Hs.656803
OTUB1,Hs.473788
TRPM7,Hs.512894
BEST2,Hs.435611
CC2D1A,Hs.269592
TMEM104,Hs.370262
SLC39A4,Hs.521934
SEMA4C,-
YTHDF1,Hs.744852
COMMD4,Hs.351327
TIPIN,Hs.744308
C1orf56,Hs.549171
CLN6,Hs.584921
C1orf159,-
C20orf11,Hs.353013
ZNF446,-
C14orf118,Hs.410231
NBPF1,Hs.732154
CUEDC1,-
EPN3,Hs.670090
MRPL20,Hs.182698
WIPI1,Hs.463964
RNF31,Hs.375217
TAPBPL,Hs.504597
PACS1,Hs.644326
SAMD4B,-
ANO1,Hs.503074
VAC14,Hs.445061
C19orf73,Hs.458310
PNPO,Hs.631742
ETNK2,Hs.497469
C20orf20,Hs.590870
TMEM143,-
KLHL26,-
FBXL8,Hs.710714
SOX18,Mm.264904
SELS,Hs.32148
WSB2,Hs.506985
LENEP,Hs.272399
PXMP2,Hs.430299
WDR4,Hs.248815
ACCN4,Hs.87469
RNF114,Hs.144949
TMEM55A,-
UBB,Hs.730603
DPM3,Hs.110477
FBXW5,Hs.522507
CHPF2,Hs.647084
ADAMTSL4,Hs.516243
DDX49,Hs.143187
VSIG10,-
PAF1,Hs.466714
FAM212B,Hs.193406
LIN37,Hs.529100
SMG9,Hs.466875
KIAA1370,Q32MH5
GSK3A,Hs.466828
AGPAT3,C9JL26
NDUFA4L2,Hs.75069
SH3GLB2,-
SDR39U1,-
OTUD7B,Hs.98322
SLC12A9,Hs.521087
SLC17A7,Mm.255631
MNT,Hs.626579
CXCR7,Hs.471751
ZMIZ1,Hs.193118
GPR84,Hs.306199
NAT14,Hs.745066
REXO4,Hs.438409
SLURP1,Hs.103505
SEPN1,-
PBXIP1,Q5T173
CBX8,Hs.387258
JPH3,Hs.592068
RAB22A,Hs.529044
DSCAML1,Hs.659513
CGN,-
ZNF398,Hs.632032
USP35,-
ARRDC3,Hs.24684
DOCK6,Hs.591002
PITPNM2,-
DNAH2,Hs.367649
KIAA1609,Hs.288274
PRX,Hs.205457
ANO8,Hs.590990
IGDCC4,Hs.458607
SPTBN4,-
DEAF1,Hs.243994
ZNFX1,Hs.371794
RGS3,Hs.494875
MRPS12,Hs.411125
TRAF2,Hs.522506
CLDN6,Hs.533779
SLC4A5,Hs.594099
ZNF462,-
GAN,Hs.112569
KLK14,Hs.283925
SLC17A9,Hs.512686
CHTF18,-
FN3K,Hs.151135
BIRC7,Hs.256126
LIN7B,Hs.221737
COG8,Hs.130849
NSD1,-
CDH24,Hs.155912
KLHL25,Hs.498371
NARFL,Hs.513247
TRMT2A,H7C100
NUCKS1,Hs.213061
ZNF574,-
SFXN1,Hs.369440
AEN,Hs.436102
LMF1,Hs.71912
CCDC21,Hs.63795
7-Mar,Hs.529272
SPATA20,-
PLEKHG2,Hs.631574
LPIN3,Hs.25897
KRI1,Hs.709967
INTS3,-
ZSWIM4,Hs.466015
PYCRL,-
UBE2Z,Hs.514297
ZNF747,Hs.592032
DLK2,Hs.337251
FAM173A,Hs.166244
MRPS34,-
VKORC1,-
HOXB8,Hs.514292
LRFN4,Hs.209979
C1orf135,Hs.725400
C19orf43,-
METRN,Hs.732288
C20orf195,Hs.197755
OBFC2B,Hs.240170
PVRIG,Hs.729356
C11orf48,Hs.9061
PHF23,Hs.644724
PRR15L,Hs.368260
SLC27A3,Hs.438723
FSD1,Hs.28144
LRFN3,Hs.143792
TNFAIP8L2,Hs.432360
ROGDI,Mm.27792
OGFOD2,-
GAL3ST4,Hs.44856
ZNF768,-
RABEP2,Hs.555978
PAQR6,Hs.235873
ESRP2,Hs.592053
MZT2B,Hs.469925
CCDC33,Hs.621342
C6orf97,Hs.660044
ZC3H12A,-
C16orf59,Hs.534491
TARS2,Hs.288974
C17orf70,-
TANC2,Hs.410889
ITPKC,Hs.515415
TRIB1,Hs.444947
ARHGAP39,Hs.148988
ZNF34,Hs.631854
COL18A1,Hs.517356
SH3BP5L,Hs.298573
MAP2K2,Hs.465627
RAI1,Hs.655395
TUBB1,Hs.303023
HM13,Hs.373741
UNC93B1,Hs.502989
TSC22D4,-
SFXN3,Hs.283844
ARPC5L,Hs.132499
TCF7L1,-
SH3BGRL3,Hs.109051
INO80B,-
EPPK1,Hs.200412
HUWE1,Hs.136905
ESPN,Hs.744222
FAM57B,Hs.558560
ANGPTL6,Hs.712850
TMEM120A,Hs.488835
KAT8,Hs.533803
WDR24,Hs.459632
ZNRF1,Hs.427284
TRAF7,Hs.713632
MAF1,Hs.19673
FBXW9,Hs.515154
HAGHL,Hs.124015
C9orf89,Hs.434213
LLPH,Hs.504820
WNK4,Hs.105448
BRSK1,Mm.297064
MRPL41,Hs.44017
MRPL38,Hs.442609
GNPTG,Hs.241575
N-PAC,Hs.731580
EMR3,Hs.658712
PPP1R9B,Hs.514323
CREB3L3,Hs.247744
TUBA1C,Hs.652390
TXNDC17,Hs.408236
LMNB2,Hs.538286
KLHL22,-
ZC3H10,Hs.632706
ZDHHC12,Hs.133122
FAM73B,Hs.632693
FIZ1,Hs.515617
HSH2D,Hs.631617
TIGD5,Hs.71574
AJUBA,Hs.655832
ALKBH6,-
ATG4D,Hs.512799
TMEM141,Hs.356744
C9orf37,Hs.522520
SYTL2,Mm.26751
MLXIPL,Hs.647055
ACPT,Hs.293394
NKD2,Hs.240951
WNT3A,Hs.336930
CGB7,Hs.659014
ATG16L2,-
LRRC46,Hs.130767
KIAA1737,Hs.709066
MMEL1,Hs.591453
TRERF1,Hs.485392
C19orf33,Hs.631544
sept1,Hs.632176
MMAB,Hs.12106
EMILIN3,Hs.524479
ADCK2,Hs.744886
STX1B,Mm.439759
NACC1,Hs.531614
PLEKHG4B,Hs.535800
RHPN1,Hs.521912
SLC26A9,Hs.164073
PCMTD1,Hs.671268
TMEM203,Hs.231029
SNAP47,-
CCND1,Hs.523852
C21orf58,Hs.744525
GATA5,Hs.352250
BHLHE23,Hs.551230
CTCFL,Hs.131543
DYNLL2,Hs.720595
DPH3P1,-
C20orf151,Hs.180374
SPSB3,Hs.592080
RAVER1,-
ANKRD24,Hs.197872
MED22,Hs.78354
PYGO2,Hs.533597
VWA5B2,-
C19orf52,-
ZNF251,-
MTSS1L,Hs.432387
SHKBP1,-
9-Mar,Hs.632709
AHNAK2,Hs.441783
IQCD,Hs.568276
C5orf55,Hs.446702
GLI4,Hs.400533
CCDC167,Hs.284207
HAS3,Hs.592069
PPP1R14B,-
RHOT2,-
PLD4,Hs.407101
HIGD2A,Hs.534575
TPCN2,Hs.131851
CCDC114,Hs.112645
SFXN5,Hs.368171
SLC22A12,Hs.700182
NOXO1,Hs.191762
ZC3H18,Hs.93670
HSPB6,Hs.534538
GABPB2,Hs.654350
ZNF480,Hs.729317
HIPK4,Hs.79363
CCDC155,Hs.662085
ANKRD35,Hs.710624
LSM14B,Hs.105379
TTC16,Hs.642748
TET3,Hs.516107
ANKRD23,Hs.643430
PPP1R35,Hs.413359
CDC42EP5,Hs.415791
STAC3,Hs.417595
CABP4,Hs.143036
NAPRT1,Hs.493164
TRIM11,-
MRPL10,-
WDR90,Hs.511903
CADM4,Hs.370984
KIFC2,-
OSBPL7,-
LTC4S,Hs.706741
ARRDC1,-
ORAI3,Hs.745104
TRMT61A,Hs.525610
GYLTL1B,Hs.86543
ADSSL1,-
CLDND2,Hs.720536
SGPP2,Hs.591604
KCTD18,Hs.605775
FAM194A,Hs.147128
ZNF786,Hs.729572
WBSCR27,Hs.647042
USP54,-
THAP8,Hs.350209
CCDC89,Hs.376241
ZBTB9,Hs.591805
GPC2,Hs.211701
BRAT1,Hs.520623
CNPY4,Hs.632293
NKAIN4,Hs.46627
LRWD1,Hs.274135
IL4I1,Hs.741750
C16orf55,Hs.655171
ARHGEF19,-
ZNF524,Hs.440291
CILP2,Hs.279574
ZDHHC20,Hs.564611
EML3,Hs.379785
SNX33,Hs.8705
FBXL16,Hs.513244
LNX2,Hs.132359
ORAOV1,Hs.667996
LDHD,Hs.380929
C9orf96,Hs.720195
ZFPM1,Hs.632218
RASGRP2,Hs.99491
HSCB,Hs.632780
POM121,Hs.737064
SIK1,Hs.282113
CNTD1,Hs.12272
PRSS36,Hs.256632
C11orf35,Hs.669395
ZFP41,Hs.668016
FAM84B,Hs.741352
SAMD14,Hs.567769
ADCK5,Hs.283374
ZNF575,Hs.213534
ST6GALNAC4,Hs.709827
HIST2H2AB,Hs.664173
FMNL3,Hs.179838
UBR7,Hs.648806
CDK5RAP3,Hs.20157
KLC3,Hs.298079
PPM1G,Hs.643951
NEK8,Hs.448468
MOGAT3,Hs.512217
SNAI3,Hs.673548
MRPL52,Hs.355935
SAPCD2,Hs.19322
C20orf85,Hs.43977
C20orf166,Hs.86507
PRR24,Hs.128690
EXOC3L1,Hs.647356
TMEM105,Hs.364191
NRBP2,Hs.521926
RTN4RL1,Hs.22917
GATS,Hs.556063
PKD1L3,Mm.436810
C17orf58,Hs.90790
CRTC2,Hs.406392
DPY19L4,E5RGH1
ZSCAN22,Hs.388162
BCL9L,Hs.414740
MICALL2,Hs.376617
OSGIN1,Hs.128055
C9orf142,Hs.409582
UBE2I,-
RPS19BP1,Hs.526933
LRRC56,Hs.567655
NRN1L,Hs.435464
GOLT1A,Hs.532401
SSPO,Hs.632022
KIF7,Hs.513134
ZNF710,Hs.459311
C19orf35,Hs.511803
B3GNT8,Hs.441681
NAT16,Hs.213044
SS18L1,-
TH1L,Hs.517148
C9orf169,Hs.512469
FAM173B,Hs.481569
C19orf48,-
SP6,Hs.253603
CCDC137,I3L385
C9orf50,Hs.124223
TRIM7,Hs.487412
ZNF784,-
MBLAC1,Hs.632319
IER5L,Hs.529857
LYPD2,Hs.441280
DEGS2,Hs.159643
C16orf74,Hs.461655
GPR152,Hs.567997
UAP1L1,Hs.142076
TUBA3E,Hs.433336
LCNL1,Hs.695210
ZNF517,-
SFXN4,Hs.655168
POLR2A,Hs.270017
NPM1,Hs.557550
DOCK8,Hs.132599
KCNJ12,Hs.200629
ZNF778,-
RIMS4,Hs.517065
CTNND2,Mm.321648
PAK2,Hs.518530
TBC1D9,Hs.480819
PTRH2,Hs.12677
ADARB2,Hs.586663
ZBTB4,Hs.35096
UBC,Hs.707528
VMP1,Hs.708260
THAP2,Hs.245798
RBM4B,Hs.618713
DYNLRB2,Hs.98849
ZFC3H1,Hs.527874
CCDC144NL,Hs.674830
FAM48A,Hs.435815
PUM1,Hs.281707
AP1G1,Hs.461253
MINOS1,Hs.466662
GGPS1,-
EML6,Hs.656692
SREK1,Hs.49367
BAHCC1,Hs.514580
GART,Hs.473648
ANG,Hs.283749
GSK3B,Hs.445733
GTF2I,Hs.743231
YY1AP1,-
NBL1,Hs.654502
TCEB1,Hs.731928
PLK2,Hs.398157
ARF3,Hs.119177
BAI1,Hs.194654
PRKCA,L7RSM7
REL,Hs.631886
HERC1,Hs.210385
USPL1,Hs.533831
FBXW2,Hs.494985
UBQLN1,-
EMR2,Hs.531619
UBE3C,Hs.118351
TOX4,Hs.555910
DIP2C,Hs.432397
USP22,Hs.462492
HDDC2,Hs.32826
TOB2,Hs.474978
CNOT1,Hs.460923
ARHGAP12,Hs.499264
GRIPAP1,Hs.109929
INTS2,Hs.279646
RAP2C,Hs.119889
PANK2,Hs.516859
SON,Hs.656725
CHCHD6,Hs.518119
RAB2B,Hs.22399
EMID2,Hs.654854
ZNF572,Hs.175350
LINGO2,Mm.132507
BLOC1S3,Hs.103902
GAS6,Hs.646346
ZNF124,Hs.621705
PHB,Hs.514303
HIST1H2BL,Hs.137594
DCLK1,Hs.507755
CSRNP2,-
IL1RAPL1,Hs.658912
FSTL4,Hs.483390
GTF2A1,Hs.592334
NDUFAF2,Hs.591757
NACAD,Hs.96633
TBRG4,Hs.231411
KCND3,Hs.666367
MYLIP,Hs.484738
TRIM52,Hs.458412
CCDC109B,Hs.234149
CDKN2AIPNL,Hs.156506
p15INK4B,Hs.72901
CLCN6,Hs.193043
COQ6,Hs.131555
COQ7,Hs.157113
DHFR,Hs.648635
DHX35,Hs.444520
DNA2,Hs.532446
DNAJB3,Hs.725533
DNAJC2,-
DNAJC16,L8E870
DNAJC22,Hs.659300
DNAJC28,Hs.458308
ERK,Hs.523329
FAHD2A,-
FBXO31,Hs.733212
FGF2,Hs.284244
GIT2,Hs.434996
HDAC4,Hs.20516
HIST1H3D,Hs.586261
HMCN1,Hs.58877
HOXA2,Hs.592177
HOXB9,Hs.463350
HSPA6,Hs.654614
HSPA12A,-
INPP5E,Hs.495471
IQSEC1,Hs.475506
IRAK1,Hs.522819
KDM1A,Hs.591518
KDM2B,Hs.524800
LRRC6,-
LSG1,Hs.744061
LZTR1,Hs.78788
MAEA,Hs.139896
MAPK14,Hs.485233
MECOM,Hs.744090
MRPS33,-
MRPS18C,-
MST1,Hs.512587
MTRF1L,Hs.732132
MYADM,Hs.380906
NALP,Hs.652273
NCAM1,Hs.733031
NFIX,Hs.257970
NLRP9,Hs.661568
NUDT6,Hs.558459
ORMDL2,Hs.534450
UTP23,Hs.86970
TRIM68,-
PAX5,Hs.654464
PBX1,Hs.557097
RAD52,Hs.410355
STAC,Hs.56045
TFDP2,-
TIMM21,-
TMEM43,Hs.517817
TMEM63B,-
TMUB2,Hs.181391
VEGFA,Hs.73793
ZBTB16,Hs.682144
ZC3H7B,Hs.592188
ZDHHC8,Hs.63128
ZNF142,-
ZNF330,Hs.120766
ZNF586,-
ZNF772,-
TNF,Hs.241570
TRAM2,Hs.520182
PAX6,Hs.270303
PAX2,Hs.155644
DOT1L,Q8TEK3
EWSR1,B0QYK0
TIA1,P31483
TIAL1,E7ETC0
TAF15,A0A075B7F4
EIF2C1,Q9UL18
TNRC6A,Q8NDV7
RBFOX2,B0QYV1
RBP,NM_001130992
hnRNPA2B1,O88569
CPSF4,O95639
CPSF3,Q9UKF6
CPSF2,Q9P2I0
CSTF2T,Q9H0L4
C17ORF85,Q53F19
Caprin1,A0A087X082
ALKBH5,K7ER58
ZC3H7B,Q9UGR2
DGCR8,Q8WYQ5
FXR2,P51116
FXR1,P51114
LIN28A,Q8K3Y3
YTHDF2,Q9Y5A9
Ataxin-2,Q99700
TARBP2,Q15633
RBM5,P52756
RBM10,P98175
UPF1,Q92900
ZFP36,M0QY76
METTL3,Q86U44
BUD13,Q9BRD0
DDX3X,O00571
DDX55,Q8NHQ9
DDX59,Q5T1V6
DDX6,P26196
DHX30,Q7L2E3
EIF3D,O15371
EIF3H,O15372
FAM120A,Q9NZB2
FAKD2,Q9NYY8
TBRG4,Q969Z0
FKBP4,Q02790
FUBP3,Q96I24
GRSF1,Q12849
GRWD1,Q9BQ67
HNRPK,P61978
LARP4,Q71RC2
NKRF,O15226
NOL12,Q9UGY1
PCBP2,Q15366
PTBP1,P26599
RBM15,Q96T37
RBFOX2,O43251
RNC,Q9NRR4
SLTM,Q9NWH9
SND1,Q7KZF4
SUV3,Q8IYB8
T2FA,P35269
UCHL5,Q9Y5K5
XRN2,Q9H0D6
YWHAG,P61981
AGGF1,Q8N302
AKAP8L,Q9ULX6
DDX24,Q9GZR7
EXOS5,Q9NQT4
FMR1,Q06787
FTO,Q9C0B1
GNL3,Q9BVP2
IF2B2,Q9Y6M1
EIF4G2,P78344
METAP2,P50579
PAPD1,Q9NVV4
RPS11,P62280
SBDS,Q9Y3A5
SLBP,Q14493
SYAC,P49588
PUS1,Q9Y606
YBOX3,P16989
ZNF622,Q969S3
ZRAB2,O95218
RC3H1,Q5TC82
ELAVL2,Q12926
ELAV3,Q14576
CELF4,Q9BZC1
YTHDF1,Q9BYJ9
AGO2,Q9UKV8
AGO3,Q9H9G7
AGO4,Q9HCK5
MSI1H,O43347
MBNL2,Q5VZF2
LAR4B,Q92615
SPPL3,Q8TCT6
DDX54,Q8TDD1
HDAC9,Q9UKV0
STAT3,P40763
Slug,O43623
EBP-1,P62333
MAPK1,Q499G7;Q1HBJ4
Ezh2,Q15910;S4S3R8
FUS,P35637;Q6IBQ5
MDM2,Q00987;Q96DS0
HSP90,ENSG00000173209
PUM1,Q14671
IMP1,Q96LU5
G3BP1,Q6ZP53
SP1,P08047
CBP,Q92793
PARP1,P09874
PTPN6,P29350;Q53XS4;P29350
p53,Q53GA5
Runx3,Q13761
MYH11,ENSG00000276480
FN1,P02751;Q9UQS6;Q6N084;P02751;Q9UQS6;P02751
SUZ12,J3QQW9;Q15022
FOXO1,Q12778
LOXL2,Q9Y4K0
MED1,Q15648
MED12,Q93074
CNBP,P62633
PIK3CA,Q4LE51
IL11,P20809
b-catenin,P35222;B4DGU4
SMYD2,Q9NRG4
RBM14,Q96PK6
ATG7,O95352
BIRC7,Q96CA5
ARID1A,O14497
SATB1,Q01826
SMARCA4,P51532;Q9HBD4
E2F1,Q9BSD8
HDAC1,Q6IT96
PI4Kα,Q4LE69
TAp63,Q9H3D4
TNF,Q5STB3
ATG3,Q9NT62
H3K27me3,-
PSF,Q86VG2
Slug,ENSG00000019549
RELA,Q04206;A0A087X0W8
FOXM1,Q08050;Q53Y49
LMBR1L,Q6UX01
NFE2L2,Q16236
EED,O75530;E9PJK2
EZH2,ENSG00000106462
MYH9,P35579
C14orf129,Q9P0R6
ACE2,Q9BYF1
PCBP1,Q53SS8
DHC10,-
DMBT1,Q9UGM3
c-IAP1,Q13490
HNRNPU,Q00839;Q96BA7
RB1,P06400
COX-2,ENSG00000198712
BRE,Q9NXR7
FUS,ENSG00000089280
SUZ12,ENSG00000178691
WDR5,ENSG00000196363
TTP,-
ZMYND8,ENSG00000101040
NF-κB,ENSG00000109320
LSD1,ENSG00000004487
NONO,ENSG00000147140
TLR7,ENSG00000196664
FXR1,ENSG00000114416
G3BP1,ENSG00000145907
HSP90,ENSG00000080824
IGF2BP1,ENSG00000159217
HIST1H1C,ENSG00000187837
STAU1,ENSG00000124214
Runx3,ENSG00000020633
hnRNPU,ENSG00000153187
CKAP4,ENSG00000136026
HBXIP,ENSG00000134248
HuR,ENSG00000066044
mTOR,ENSG00000198793
KLF8,ENSG00000102349
p21,ENSG00000124762
NF45,ENSG00000143621
NF90,ENSG00000129351
MEF2D,ENSG00000116604
PDK1,ENSG00000152256
sema3a,ENSG00000075213
p53,ENSG00000141510
Foxo1,ENSG00000150907
ELAVL1,ENSG00000066044
PHB2,ENSG00000215021
CBP,ENSG00000005339
MIF,ENSG00000240972;ENSG00000276701
PRDM5,ENSG00000138738
CTCF,P49711
Brn3a,Q01851
AR,A0A087WUX9;P10275;G4VV16;F1D8N5;Q9NUA2
α-tubulin,ENSG00000123416
EZH2,S4S3R8;A0A090N8E9;Q15910
LSD2,Q8NB78
CPSF7,Q8N684;B4DGF8
PUMILIO,-
CDK1,I6L9I5;P06493;A0A024QZJ8
HIF1A,D0VY79;Q16665
ILF3,A0A024R7C7;Q12906
PABPC3,Q9H361;Q5VX58
ADAM8,P78325;Q14C66
ZC3HAV1,Q7Z2W4
ZMAT3,Q9HA38
SOX2,P48431
IGF2BP1,Q9NZI8
DHX36,Q9H2U1
AIMP1,Q12904
EXOSC10,Q01780
FUBP1,Q96AE4
HDLBP,Q00341
IFIT2,P09913
KHDRBS2,Q5VWX1
NANOS3,P60323
PARN,O95453
PUS10,Q3MIT2
TOB1,P50616
USF2,Q15853
SMAD3,A0A024R5Z3
AGO1,Q9UL18
CNOT7,Q9UIV1
TOB2,Q14106
MEX3C,Q5U5Q3
MTDH,Q86UE4
TRMT2A,Q8IZ69
RELA,Q04206
CLK3,P49761
Rbfox2,O43251
RBMX,P38159
HNRNPM,P52272
ALYREF,Q86V81
KHSRP,Q92945
G3BP1,Q13283
CELF1,Q92879
BOLL,Q8N9W6
A1CF,Q9NQ94
hTrmt13,protein
SCAF8,Q9UPN6
TRIM25,Q14258
WDR4,P57081
METTL1,Q9UBP6
DDX5,P17844
DR1,Q01658
ICP27,-
CHMP3,Q9Y3E7
ETS2,P15036
YBX1,P67809
ELAVL1,Q15717
GEMIN5,Q8TEQ6
CRNKL1,Q9BZJ0
DCP1B,Q8IZD4
HNRNPH1,P31943
eIF4E,P06730
HNRNPC,P07910
Rbfox1,Q9NWB1
YTHDC1,Q96MU7
NAT10,Q9H0A0
SRSF2,Q01130
hnRNPA1,P09651
SRSF1,Q07955
DDX43,Q9NXZ2
hnRNPD,Q14103
EXOSC4,Q9NPD3
EXOSC3,Q9NQT5
SF3B1,O75533
PRPF39,Q86UA1
SMAD4,A0A024R274
UBA2,Q9UBT2
SMN1,Q16637
DMD,A0A075B6G3
METTL14,Q9HCE5
SCAF4,O95104
BARD1,Q99728
DCTN6,O00399
ITPA,Q9BY32
RNF113A,O15541
TPGS2,Q68CL5
TruB1,Q8WWH5
ZCCHC4,Q9H5U6
CDK4,P11802
EPB41L5,Q9HCM4
CCIN,Q13939
RARS2,Q5T160
IDE,P14735
YFP,-
YAP,ENSG00000137693
YTHDF3,Q7Z739
HuR,Q92661
PKM2,A0A024R5Z9
hnRNP K,P61978
USP14,P54578
LSD1,O60341
EZH2,A0A090N8E9
DHX9,Q08211
BCL6,P41182
ELF1,P32519
TLS,P35637
Brg1,ENSG00000127616
p53,A0A0C4KX50
KLF2,Q9Y5W3
WDR5,P61964
hnRNPK,P61978
YY1,P25490
PP1A,ENSG00000172531
bFGF,ENSG00000138685
DNMT3b,Q9UBC3
FoxM1,Q08050
PU.1,ENSG00000066336
eIF4A3,P38919
PUM,P15941
BMI1,P35226
p65,O43245
DDR2,A0A024R906
NPM1,A0A0S2Z491
YAP1,P46937
HNRNPL,P14866
c-jun,ENSG00000177606
QKI-5,ENSG00000112531
BCL11A,Q9H165
HNF4α,ENSG00000101076
EGR1,P18146
PDK1,Q15118
Nrf2,ENSG00000116044
SAFA,Q00839
Sp1,P08047
ZNF703,Q9H7S9
DNMT3A,Q9Y6K1
DNMT3B,Q9UBC3
SIRT1,A0A024QZQ1
TXNIP,Q9H3M7
ICAT,Q9NSA3
COX-2,Q6ZYK7
KLF4,O43474
VGF,O15240
YB-1,Q15905
TDP43,A0A0A0N0L3
FoxO1,Q12778
HDAC1,Q13547
β-catenin,ENSG00000168036
NFκB1,ENSG00000109320
G9a,ENSG00000204371
NFATC3,Q12968
ERα,ENSG00000091831
MET,P08581
GADD45A,P24522
TET2,Q6N021
IKK,ENSG00000104365
IGF2BP2,Q9Y6M1
ACTL6A,O96019
GATA1,P15976
hnRNPU,Q00839
ETS1,P14921
c-Myc,Q16158
FKBP51,Q13451
pSmad2,ENSG00000175387
pSmad3,ENSG00000166949
HNRNPA2B1,P22626
p300,ENSG00000100393
EBP1,Q9UQ80
NF45,Q12905
NF90,Q12906
Ezh2,A0A090N8E9
USP7,Q93009
TCF21,O43680
YBX-1,ENSG00000065978
P-STAT3,ENSG00000168610
SFPQ,P23246
NONO,Q15233
FOXP2,O15409
GATA6,Q92908
ACO1,P21399
TRAF6,Q9Y4K3
ROCK1,Q13464
Dnmt1,P26358
Dnmt3a,Q9Y6K1
Dnmt3b,Q9UBC3
IGF2,P01344
FOXO3,O43524
DPP4,P27487
IRP1,Q9HBB2
AZGP1,P25311
HIF1A,D0VY79
CREB,Q92793
ARAP1,Q96P48
LEF1,Q9UJU2
PKA,-
Bcl-3,P20749
BOP1,Q14137
ONECUT2,O95948
RAF1,P04049
INO80,Q9ULG1
LDHA,P00338
eIF4A1,P60842
MYB,P10242
LGALS1,P09382
TP53,K7PPA8
CHUK,O15111
STAT5,P42229
MLL2,Q6PIA1
OTUB1,Q96FW1
TAB3,Q8N5C8
PABPC4,Q13310
ATG5,A9UGY9
ESR1,G4XH65
PPP2CA,P67775
RBBP4,Q09028
SRSF7,Q16629
EIF4A3,P38919
PRDX2,P32119
RAB7,P51149
PAK2,Q13177
TCF12,Q99081
NACA,Q13765
JNK,P45983
SIRT2,Q8IXJ6
TIAR,Q01085
BRD4,O60885
ALDOA,P04075
VIM,P08670
SOSTDC1,Q6X4U4
DBN1,Q16643
HOXA3,O43365
TPI,P60174
E2F6,O75461
EGFR,P00533
GFI1,Q99684
PTEN,F6KD01
PARP1,A0A024R3T8
CYCLINL1,Q9UK58
CDK19,Q9BWU1
HNRNPK,P61978
FOXC1,Q12948
TCF4,P15884
MEF2A,Q02078
CELF2,O95319
PBX3,P40426
STAT5A,P42229
TCF3,P15923
ZNF326,Q5BKZ1
CHOP,P35638
FOXO3A,O43524
P300,Q09472
HNRNPH3,P31942
HEY1,Q9Y5J3
CTSG,P08311
HOXC13,P31276
NKD2,Q969F2
SET7,Q8WTS6
SET9,Q8WTS6
GAS6,Q14393
TNRC6B,Q9UPQ9
ADCK4,A0A024R0Q9
THAP1,Q9NVV9
GLI2,A0A7I2PJA1
MCP-1,P13500
HNF4A,P41235
NFKBIA,P25963
PTRF,Q6NZI2
YB1,P67809
EP300,Q09472
RAD51,Q06609
QK,Q96PU8
WNK2,Q9Y3S1
FBXW7,Q969H0
RUNX1,Q01196
C16orf74,Q96GX8
LIN28,Q9H9Z2
USP22,Q9UPT9
GRP78,P11021
MLL1,Q03164
SMAD7,O15105
E2F,Q01094
FABP5,Q01469
PI3K-110α,P42336
DUSP1,P28562
HDAC6,Q9UBN7
REDD1,Q9NX09
PCM1,Q15154
RAC1,P63000
SIRT6,Q8N6T7
SMURF1,Q9HCE7
PRDX4,Q13162
Smad2,Q15796
Bub3,O43684
CTBP1,Q13363
MDH2,P40926
MTA2,O94776
p32,Q07021
Vps13D,Q5THJ4
CARF,Q8N187
KDM6B,O15054
HIF2α,Q99814
ZFP36,P26651
Stau1,O95793
PGK1,P00558
MYH1B,P11055
ENO1,P06733
HDAC3,O15379
G3BP2,Q9UN86
USF1,P22415
AR,P10275
Hsp90α,P07900
METTL7A,Q9H8H3
HIF-1α,ENSG00000100644
ANKHD1,Q8IWZ3
HDAC10,Q969S8
GCN5,Q92830
NF-κB,P19838
