lNONHSAG000001,NONHSAT148173
lNONHSAG000012,NONHSAT000034
lNONHSAG000012,NONHSAT150919
lNONHSAG000012,NONHSAT000033
lNONHSAG000012,NONHSAT000039
lNONHSAG000012,NONHSAT150918
lNONHSAG000012,NONHSAT000032
lNONHSAG000047,NONHSAT000183
lNONHSAG000047,NONHSAT000181
lNONHSAG000047,NONHSAT000148
lNONHSAG000047,NONHSAT000159
lNONHSAG000047,NONHSAT148191
lNONHSAG000047,NONHSAT148196
lNONHSAG000047,NONHSAT000185
lNONHSAG000047,NONHSAT148193
lNONHSAG000047,NONHSAT000162
lNONHSAG000047,NONHSAT000158
lNONHSAG000047,NONHSAT000171
lNONHSAG000047,NONHSAT000163
lNONHSAG000047,NONHSAT224539
lNONHSAG000047,NONHSAT000167
lNONHSAG000047,NONHSAT000180
lNONHSAG000047,NONHSAT000169
lNONHSAG000047,NONHSAT000168
lNONHSAG000047,NONHSAT000182
lNONHSAG000047,NONHSAT000178
lNONHSAG000047,NONHSAT224538
lNONHSAG000047,NONHSAT000173
lNONHSAG000047,NONHSAT000161
lNONHSAG000047,NONHSAT148197
lNONHSAG000047,NONHSAT148190
lNONHSAG000047,NONHSAT224537
lNONHSAG000047,NONHSAT000186
lNONHSAG000047,NONHSAT148195
lNONHSAG000047,NONHSAT224540
lNONHSAG000047,NONHSAT148189
lNONHSAG000047,NONHSAT000165
lNONHSAG000047,NONHSAT000170
lNONHSAG000047,NONHSAT000176
lNONHSAG000047,NONHSAT000166
lNONHSAG000047,NONHSAT000188
lNONHSAG000047,NONHSAT148194
lNONHSAG000047,NONHSAT000174
lNONHSAG000047,NONHSAT000164
lNONHSAG000047,NONHSAT148192
lNONHSAG000047,NONHSAT000177
lNONHSAG000047,NONHSAT000160
lNONHSAG000047,NONHSAT148198
lNONHSAG000047,NONHSAT000179
lNONHSAG000047,NONHSAT000187
lNONHSAG000047,NONHSAT000172
lNONHSAG000047,NONHSAT224541
lNONHSAG000047,NONHSAT000175
lNONHSAG000049,NONHSAT000156
lNONHSAG000049,NONHSAT000152
lNONHSAG000049,NONHSAT000153
lNONHSAG000049,NONHSAT000151
lNONHSAG000049,NONHSAT000150
lNONHSAG000049,NONHSAT226237
lNONHSAG000070,NONHSAT000235
lNONHSAG000070,NONHSAT224555
lNONHSAG000070,NONHSAT224556
lNONHSAG000070,NONHSAT000231
lNONHSAG000070,NONHSAT000234
lNONHSAG000070,NONHSAT000230
lNONHSAG000070,NONHSAT000229
lNONHSAG000070,NONHSAT000233
lNONHSAG000070,NONHSAT000236
lNONHSAG000070,NONHSAT000232
lNONHSAG000082,NONHSAT000265
lNONHSAG000082,NONHSAT226265
lNONHSAG000195,NONHSAT000535
lNONHSAG000195,NONHSAT000540
lNONHSAG000195,NONHSAT226309
lNONHSAG000195,NONHSAT000543
lNONHSAG000195,NONHSAT000538
lNONHSAG000195,NONHSAT226307
lNONHSAG000195,NONHSAT000546
lNONHSAG000195,NONHSAT000537
lNONHSAG000195,NONHSAT000539
lNONHSAG000195,NONHSAT000532
lNONHSAG000195,NONHSAT226310
lNONHSAG000195,NONHSAT151015
lNONHSAG000195,NONHSAT226305
lNONHSAG000195,NONHSAT000534
lNONHSAG000195,NONHSAT000533
lNONHSAG000195,NONHSAT226308
lNONHSAG000195,NONHSAT000542
lNONHSAG000195,NONHSAT000545
lNONHSAG000195,NONHSAT151016
lNONHSAG000195,NONHSAT226304
lNONHSAG000195,NONHSAT151014
lNONHSAG000195,NONHSAT000530
lNONHSAG000195,NONHSAT000536
lNONHSAG000195,NONHSAT226306
lNONHSAG000195,NONHSAT000544
lNONHSAG000195,NONHSAT000531
lNONHSAG000910,NONHSAT002114
lNONHSAG000910,NONHSAT002121
lNONHSAG000910,NONHSAT148644
lNONHSAG000910,NONHSAT148645
lNONHSAG000910,NONHSAT224878
lNONHSAG000910,NONHSAT148651
lNONHSAG000910,NONHSAT148649
lNONHSAG000910,NONHSAT148659
lNONHSAG000910,NONHSAT148656
lNONHSAG000910,NONHSAT148652
lNONHSAG000910,NONHSAT002113
lNONHSAG000910,NONHSAT224876
lNONHSAG000910,NONHSAT002122
lNONHSAG000910,NONHSAT148655
lNONHSAG000910,NONHSAT148658
lNONHSAG000910,NONHSAT148647
lNONHSAG000910,NONHSAT002112
lNONHSAG000910,NONHSAT148653
lNONHSAG000910,NONHSAT002118
lNONHSAG000910,NONHSAT148648
lNONHSAG000910,NONHSAT148657
lNONHSAG000910,NONHSAT148654
lNONHSAG000910,NONHSAT148660
lNONHSAG000910,NONHSAT002116
lNONHSAG000910,NONHSAT148650
lNONHSAG000910,NONHSAT002115
lNONHSAG000910,NONHSAT002111
lNONHSAG000910,NONHSAT002117
lNONHSAG000910,NONHSAT148646
lNONHSAG000910,NONHSAT224877
lNONHSAG000920,NONHSAT002140
lNONHSAG000925,NONHSAT224881
lNONHSAG000925,NONHSAT002153
lNONHSAG000936,NONHSAT002176
lNONHSAG000945,NONHSAT002199
lNONHSAG000945,NONHSAT151390
lNONHSAG000946,NONHSAT148665
lNONHSAG000946,NONHSAT002201
lNONHSAG000946,NONHSAT148666
lNONHSAG001180,NONHSAT224954
lNONHSAG001180,NONHSAT148806
lNONHSAG001180,NONHSAT002679
lNONHSAG001368,NONHSAT003065
lNONHSAG002367,NONHSAT005088
lNONHSAG002623,NONHSAT005621
lNONHSAG002728,NONHSAT149727
lNONHSAG002728,NONHSAT149729
lNONHSAG002728,NONHSAT149730
lNONHSAG002728,NONHSAT006003
lNONHSAG002728,NONHSAT225499
lNONHSAG002728,NONHSAT149728
lNONHSAG002728,NONHSAT225500
lNONHSAG003084,NONHSAT149872
lNONHSAG003320,NONHSAT007284
lNONHSAG003504,NONHSAT007670
lNONHSAG003504,NONHSAT007674
lNONHSAG003504,NONHSAT227347
lNONHSAG003504,NONHSAT007679
lNONHSAG003504,NONHSAT227349
lNONHSAG003504,NONHSAT007684
lNONHSAG003504,NONHSAT007672
lNONHSAG003504,NONHSAT227344
lNONHSAG003504,NONHSAT007683
lNONHSAG003504,NONHSAT007688
lNONHSAG003504,NONHSAT227352
lNONHSAG003504,NONHSAT007665
lNONHSAG003504,NONHSAT152557
lNONHSAG003504,NONHSAT007677
lNONHSAG003504,NONHSAT227356
lNONHSAG003504,NONHSAT007680
lNONHSAG003504,NONHSAT007699
lNONHSAG003504,NONHSAT007691
lNONHSAG003504,NONHSAT227355
lNONHSAG003504,NONHSAT227345
lNONHSAG003504,NONHSAT007681
lNONHSAG003504,NONHSAT007678
lNONHSAG003504,NONHSAT007701
lNONHSAG003504,NONHSAT227353
lNONHSAG003504,NONHSAT007664
lNONHSAG003504,NONHSAT227357
lNONHSAG003504,NONHSAT227348
lNONHSAG003504,NONHSAT007682
lNONHSAG003504,NONHSAT227350
lNONHSAG003504,NONHSAT007673
lNONHSAG003504,NONHSAT007693
lNONHSAG003504,NONHSAT007695
lNONHSAG003504,NONHSAT227351
lNONHSAG003504,NONHSAT007676
lNONHSAG003504,NONHSAT152559
lNONHSAG003504,NONHSAT007668
lNONHSAG003504,NONHSAT007659
lNONHSAG003504,NONHSAT007675
lNONHSAG003504,NONHSAT007698
lNONHSAG003504,NONHSAT152560
lNONHSAG003504,NONHSAT152561
lNONHSAG003504,NONHSAT007690
lNONHSAG003504,NONHSAT227346
lNONHSAG003504,NONHSAT007666
lNONHSAG003504,NONHSAT152558
lNONHSAG003504,NONHSAT227354
lNONHSAG003504,NONHSAT152563
lNONHSAG003504,NONHSAT007662
lNONHSAG003504,NONHSAT227343
lNONHSAG003504,NONHSAT007671
lNONHSAG003504,NONHSAT007667
lNONHSAG003504,NONHSAT007669
lNONHSAG003633,NONHSAT008273
lNONHSAG003635,NONHSAT152613
lNONHSAG003635,NONHSAT008275
lNONHSAG004393,NONHSAT009713
lNONHSAG004393,NONHSAT150618
lNONHSAG004393,NONHSAT009708
lNONHSAG004393,NONHSAT009711
lNONHSAG004393,NONHSAT225985
lNONHSAG004393,NONHSAT009714
lNONHSAG004393,NONHSAT009715
lNONHSAG004393,NONHSAT009716
lNONHSAG004393,NONHSAT150619
lNONHSAG004393,NONHSAT225988
lNONHSAG004393,NONHSAT009705
lNONHSAG004393,NONHSAT150616
lNONHSAG004393,NONHSAT225984
lNONHSAG004393,NONHSAT225987
lNONHSAG004393,NONHSAT150622
lNONHSAG004393,NONHSAT225983
lNONHSAG004393,NONHSAT009717
lNONHSAG004393,NONHSAT009709
lNONHSAG004393,NONHSAT009707
lNONHSAG004393,NONHSAT009710
lNONHSAG004393,NONHSAT225986
lNONHSAG004393,NONHSAT009718
lNONHSAG004393,NONHSAT150617
lNONHSAG004393,NONHSAT009706
lNONHSAG005269,NONHSAT011499
lNONHSAG005269,NONHSAT011498
lNONHSAG005269,NONHSAT011501
lNONHSAG005269,NONHSAT011494
lNONHSAG005269,NONHSAT156717
lNONHSAG005269,NONHSAT011496
lNONHSAG005269,NONHSAT011497
lNONHSAG005269,NONHSAT011495
lNONHSAG005501,NONHSAT012531
lNONHSAG005523,NONHSAT012566
lNONHSAG005639,NONHSAT012785
lNONHSAG005639,NONHSAT012786
lNONHSAG005891,NONHSAT013369
lNONHSAG005891,NONHSAT228233
lNONHSAG005891,NONHSAT013368
lNONHSAG005891,NONHSAT155489
lNONHSAG006408,NONHSAT015346
lNONHSAG007119,NONHSAT156303
lNONHSAG007119,NONHSAT016864
lNONHSAG007220,NONHSAT156443
lNONHSAG007220,NONHSAT017075
lNONHSAG007220,NONHSAT228646
lNONHSAG007295,NONHSAT229562
lNONHSAG007295,NONHSAT229560
lNONHSAG007295,NONHSAT229561
lNONHSAG007295,NONHSAT017221
lNONHSAG007295,NONHSAT017218
lNONHSAG007295,NONHSAT017219
lNONHSAG007295,NONHSAT017217
lNONHSAG007295,NONHSAT017220
lNONHSAG007295,NONHSAT017222
lNONHSAG007295,NONHSAT229563
lNONHSAG007384,NONHSAT017415
lNONHSAG007384,NONHSAT017414
lNONHSAG007384,NONHSAT158719
lNONHSAG007602,NONHSAT229624
lNONHSAG007602,NONHSAT017895
lNONHSAG007602,NONHSAT229614
lNONHSAG007602,NONHSAT229619
lNONHSAG007602,NONHSAT229622
lNONHSAG007602,NONHSAT229620
lNONHSAG007602,NONHSAT229617
lNONHSAG007602,NONHSAT259150
lNONHSAG007602,NONHSAT017896
lNONHSAG007602,NONHSAT017897
lNONHSAG007602,NONHSAT229623
lNONHSAG007602,NONHSAT229615
lNONHSAG007602,NONHSAT229618
lNONHSAG007602,NONHSAT229616
lNONHSAG007602,NONHSAT229621
lNONHSAG007619,NONHSAT017922
lNONHSAG007641,NONHSAT017964
lNONHSAG007641,NONHSAT017961
lNONHSAG007715,NONHSAT160098
lNONHSAG007715,NONHSAT018122
lNONHSAG007760,NONHSAT018214
lNONHSAG008298,NONHSAT021332
lNONHSAG008298,NONHSAT021331
lNONHSAG008298,NONHSAT021330
lNONHSAG008298,NONHSAT021334
lNONHSAG008354,NONHSAT021415
lNONHSAG008552,NONHSAT021831
lNONHSAG008552,NONHSAT021848
lNONHSAG008552,NONHSAT021836
lNONHSAG008552,NONHSAT021844
lNONHSAG008552,NONHSAT021835
lNONHSAG008552,NONHSAT021837
lNONHSAG008552,NONHSAT021856
lNONHSAG008552,NONHSAT021841
lNONHSAG008552,NONHSAT230486
lNONHSAG008552,NONHSAT021825
lNONHSAG008552,NONHSAT230483
lNONHSAG008552,NONHSAT021832
lNONHSAG008552,NONHSAT021840
lNONHSAG008552,NONHSAT021846
lNONHSAG008552,NONHSAT021829
lNONHSAG008552,NONHSAT160389
lNONHSAG008552,NONHSAT230481
lNONHSAG008552,NONHSAT021834
lNONHSAG008552,NONHSAT021854
lNONHSAG008552,NONHSAT230484
lNONHSAG008552,NONHSAT021827
lNONHSAG008552,NONHSAT160388
lNONHSAG008552,NONHSAT160390
lNONHSAG008552,NONHSAT021839
lNONHSAG008552,NONHSAT021830
lNONHSAG008552,NONHSAT021828
lNONHSAG008552,NONHSAT021847
lNONHSAG008552,NONHSAT021853
lNONHSAG008552,NONHSAT230485
lNONHSAG008552,NONHSAT021826
lNONHSAG008552,NONHSAT021824
lNONHSAG008552,NONHSAT230479
lNONHSAG008552,NONHSAT021823
lNONHSAG008552,NONHSAT230480
lNONHSAG008552,NONHSAT230482
lNONHSAG008552,NONHSAT021851
lNONHSAG008887,NONHSAT022600
lNONHSAG008887,NONHSAT022599
lNONHSAG009075,NONHSAT022918
lNONHSAG009075,NONHSAT022917
lNONHSAG009374,NONHSAT160632
lNONHSAG009374,NONHSAT023664
lNONHSAG009374,NONHSAT160631
lNONHSAG009374,NONHSAT023665
lNONHSAG009993,NONHSAT025025
lNONHSAG009993,NONHSAT025023
lNONHSAG009993,NONHSAT160878
lNONHSAG009993,NONHSAT230935
lNONHSAG010134,NONHSAT025325
lNONHSAG010200,NONHSAT163184
lNONHSAG010200,NONHSAT025473
lNONHSAG010200,NONHSAT025475
lNONHSAG010200,NONHSAT231759
lNONHSAG010200,NONHSAT231760
lNONHSAG010200,NONHSAT025469
lNONHSAG010200,NONHSAT025480
lNONHSAG010200,NONHSAT163183
lNONHSAG010200,NONHSAT231761
lNONHSAG010200,NONHSAT231762
lNONHSAG010200,NONHSAT025482
lNONHSAG010200,NONHSAT231764
lNONHSAG010200,NONHSAT231765
lNONHSAG010200,NONHSAT025479
lNONHSAG010200,NONHSAT231763
lNONHSAG010200,NONHSAT025472
lNONHSAG010200,NONHSAT025481
lNONHSAG010207,NONHSAT025500
lNONHSAG010207,NONHSAT025501
lNONHSAG010366,NONHSAT231043
lNONHSAG010366,NONHSAT026230
lNONHSAG010366,NONHSAT026236
lNONHSAG010366,NONHSAT026235
lNONHSAG010366,NONHSAT231039
lNONHSAG010366,NONHSAT026231
lNONHSAG010366,NONHSAT026232
lNONHSAG010366,NONHSAT231040
lNONHSAG010366,NONHSAT231041
lNONHSAG010366,NONHSAT231042
lNONHSAG010366,NONHSAT026228
lNONHSAG010438,NONHSAT026396
lNONHSAG010438,NONHSAT026397
lNONHSAG010456,NONHSAT161837
lNONHSAG010965,NONHSAT163485
lNONHSAG010965,NONHSAT163484
lNONHSAG010965,NONHSAT232028
lNONHSAG010965,NONHSAT232029
lNONHSAG011168,NONHSAT231245
lNONHSAG011168,NONHSAT028288
lNONHSAG011168,NONHSAT028291
lNONHSAG011168,NONHSAT028294
lNONHSAG011168,NONHSAT028298
lNONHSAG011168,NONHSAT231242
lNONHSAG011168,NONHSAT231246
lNONHSAG011168,NONHSAT028289
lNONHSAG011168,NONHSAT028300
lNONHSAG011168,NONHSAT231244
lNONHSAG011168,NONHSAT028301
lNONHSAG011168,NONHSAT231247
lNONHSAG011168,NONHSAT028290
lNONHSAG011168,NONHSAT028292
lNONHSAG011278,NONHSAT028584
lNONHSAG011286,NONHSAT028613
lNONHSAG011364,NONHSAT028785
lNONHSAG011975,NONHSAT030036
lNONHSAG012025,NONHSAT030141
lNONHSAG012025,NONHSAT030139
lNONHSAG012025,NONHSAT232347
lNONHSAG012025,NONHSAT232348
lNONHSAG012025,NONHSAT232346
lNONHSAG012025,NONHSAT232349
lNONHSAG012025,NONHSAT030138
lNONHSAG012025,NONHSAT232345
lNONHSAG012123,NONHSAT030391
lNONHSAG012123,NONHSAT030389
lNONHSAG012604,NONHSAT232473
lNONHSAG012604,NONHSAT232470
lNONHSAG012604,NONHSAT031573
lNONHSAG012604,NONHSAT031574
lNONHSAG012604,NONHSAT031571
lNONHSAG012604,NONHSAT232472
lNONHSAG012658,NONHSAT031708
lNONHSAG013199,NONHSAT233091
lNONHSAG013199,NONHSAT033155
lNONHSAG013199,NONHSAT033148
lNONHSAG013199,NONHSAT033153
lNONHSAG013199,NONHSAT233094
lNONHSAG013199,NONHSAT233090
lNONHSAG013199,NONHSAT166589
lNONHSAG013199,NONHSAT033147
lNONHSAG013199,NONHSAT033146
lNONHSAG013199,NONHSAT233093
lNONHSAG013570,NONHSAT033983
lNONHSAG014339,NONHSAT035500
lNONHSAG014339,NONHSAT169038
lNONHSAG014524,NONHSAT233566
lNONHSAG014524,NONHSAT035981
lNONHSAG014629,NONHSAT169170
lNONHSAG014629,NONHSAT036255
lNONHSAG014629,NONHSAT036258
lNONHSAG014629,NONHSAT036256
lNONHSAG014629,NONHSAT036257
lNONHSAG014629,NONHSAT036252
lNONHSAG014629,NONHSAT036254
lNONHSAG014644,NONHSAT036276
lNONHSAG014774,NONHSAT036511
lNONHSAG014774,NONHSAT233635
lNONHSAG014774,NONHSAT036512
lNONHSAG014774,NONHSAT233637
lNONHSAG014774,NONHSAT233634
lNONHSAG014774,NONHSAT233636
lNONHSAG015889,NONHSAT039665
lNONHSAG015995,NONHSAT040130
lNONHSAG016076,NONHSAT234631
lNONHSAG016076,NONHSAT040292
lNONHSAG016076,NONHSAT040297
lNONHSAG016076,NONHSAT040298
lNONHSAG016076,NONHSAT234629
lNONHSAG016076,NONHSAT040293
lNONHSAG016076,NONHSAT040301
lNONHSAG016076,NONHSAT040294
lNONHSAG016076,NONHSAT234630
lNONHSAG016076,NONHSAT040295
lNONHSAG016076,NONHSAT234626
lNONHSAG016076,NONHSAT040289
lNONHSAG016076,NONHSAT040300
lNONHSAG016076,NONHSAT234627
lNONHSAG016076,NONHSAT169772
lNONHSAG016076,NONHSAT234628
lNONHSAG016076,NONHSAT234632
lNONHSAG016076,NONHSAT040299
lNONHSAG016076,NONHSAT040291
lNONHSAG016202,NONHSAT040634
lNONHSAG016264,NONHSAT170496
lNONHSAG016264,NONHSAT040812
lNONHSAG016264,NONHSAT140187
lNONHSAG016367,NONHSAT041254
lNONHSAG016367,NONHSAT041255
lNONHSAG016410,NONHSAT041361
lNONHSAG016410,NONHSAT234700
lNONHSAG016418,NONHSAT234701
lNONHSAG016418,NONHSAT234702
lNONHSAG016418,NONHSAT041381
lNONHSAG016431,NONHSAT041432
lNONHSAG016431,NONHSAT235209
lNONHSAG016431,NONHSAT041436
lNONHSAG016431,NONHSAT041439
lNONHSAG016431,NONHSAT041430
lNONHSAG016431,NONHSAT041441
lNONHSAG016431,NONHSAT041431
lNONHSAG016431,NONHSAT235205
lNONHSAG016431,NONHSAT235207
lNONHSAG016431,NONHSAT041437
lNONHSAG016431,NONHSAT041433
lNONHSAG016431,NONHSAT041438
lNONHSAG016431,NONHSAT235206
lNONHSAG016431,NONHSAT235208
lNONHSAG016431,NONHSAT041429
lNONHSAG016431,NONHSAT041435
lNONHSAG016491,NONHSAT171433
lNONHSAG016492,NONHSAT171436
lNONHSAG016741,NONHSAT042162
lNONHSAG016741,NONHSAT042164
lNONHSAG016741,NONHSAT042160
lNONHSAG016741,NONHSAT042163
lNONHSAG016741,NONHSAT042161
lNONHSAG016741,NONHSAT235304
lNONHSAG016741,NONHSAT042165
lNONHSAG016741,NONHSAT235303
lNONHSAG016741,NONHSAT042167
lNONHSAG016741,NONHSAT042166
lNONHSAG016754,NONHSAT042197
lNONHSAG016754,NONHSAT042196
lNONHSAG016769,NONHSAT042224
lNONHSAG017045,NONHSAT044153
lNONHSAG017110,NONHSAT046566
lNONHSAG017110,NONHSAT234898
lNONHSAG017110,NONHSAT046563
lNONHSAG017110,NONHSAT046565
lNONHSAG017111,NONHSAT046564
lNONHSAG017579,NONHSAT047623
lNONHSAG018160,NONHSAT051749
lNONHSAG018395,NONHSAT236349
lNONHSAG018395,NONHSAT236351
lNONHSAG018395,NONHSAT147980
lNONHSAG018395,NONHSAT236350
lNONHSAG018698,NONHSAT140740
lNONHSAG018853,NONHSAT141036
lNONHSAG018872,NONHSAT141073
lNONHSAG018893,NONHSAT141111
lNONHSAG018893,NONHSAT172772
lNONHSAG018893,NONHSAT235900
lNONHSAG018893,NONHSAT141110
lNONHSAG018893,NONHSAT235899
lNONHSAG018893,NONHSAT141112
lNONHSAG018962,NONHSAT141439
lNONHSAG018962,NONHSAT172810
lNONHSAG018962,NONHSAT172812
lNONHSAG018962,NONHSAT141441
lNONHSAG018962,NONHSAT172811
lNONHSAG018962,NONHSAT172813
lNONHSAG018962,NONHSAT141445
lNONHSAG018962,NONHSAT141444
lNONHSAG018962,NONHSAT141443
lNONHSAG018962,NONHSAT141438
lNONHSAG018962,NONHSAT141442
lNONHSAG018962,NONHSAT141440
lNONHSAG018995,NONHSAT141525
lNONHSAG018997,NONHSAT141527
lNONHSAG018997,NONHSAT236482
lNONHSAG018997,NONHSAT141526
lNONHSAG018997,NONHSAT236481
lNONHSAG018997,NONHSAT141528
lNONHSAG018997,NONHSAT173738
lNONHSAG018997,NONHSAT236483
lNONHSAG018997,NONHSAT236484
lNONHSAG019088,NONHSAT141733
lNONHSAG019270,NONHSAT172915
lNONHSAG019270,NONHSAT172914
lNONHSAG019270,NONHSAT142136
lNONHSAG019666,NONHSAT142973
lNONHSAG019666,NONHSAT142974
lNONHSAG019677,NONHSAT173182
lNONHSAG019677,NONHSAT236078
lNONHSAG019677,NONHSAT173181
lNONHSAG019677,NONHSAT236077
lNONHSAG019677,NONHSAT143001
lNONHSAG019677,NONHSAT143000
lNONHSAG019677,NONHSAT143002
lNONHSAG019705,NONHSAT143059
lNONHSAG019747,NONHSAT143133
lNONHSAG019747,NONHSAT236086
lNONHSAG019747,NONHSAT236088
lNONHSAG019747,NONHSAT236085
lNONHSAG019747,NONHSAT236083
lNONHSAG019747,NONHSAT236090
lNONHSAG019747,NONHSAT143130
lNONHSAG019747,NONHSAT236087
lNONHSAG019747,NONHSAT236084
lNONHSAG019747,NONHSAT236089
lNONHSAG019747,NONHSAT143128
lNONHSAG019779,NONHSAT143214
lNONHSAG019940,NONHSAT143593
lNONHSAG019967,NONHSAT174049
lNONHSAG019967,NONHSAT143667
lNONHSAG019967,NONHSAT143672
lNONHSAG019967,NONHSAT174048
lNONHSAG019967,NONHSAT143671
lNONHSAG019967,NONHSAT143669
lNONHSAG019967,NONHSAT143670
lNONHSAG019967,NONHSAT143668
lNONHSAG020300,NONHSAT144420
lNONHSAG020367,NONHSAT144589
lNONHSAG020367,NONHSAT144590
lNONHSAG020372,NONHSAT144598
lNONHSAG020372,NONHSAT236236
lNONHSAG020390,NONHSAT236238
lNONHSAG020390,NONHSAT144643
lNONHSAG020390,NONHSAT173478
lNONHSAG020390,NONHSAT236239
lNONHSAG020506,NONHSAT144957
lNONHSAG020672,NONHSAT145305
lNONHSAG020759,NONHSAT145510
lNONHSAG020759,NONHSAT237724
lNONHSAG020759,NONHSAT237726
lNONHSAG021359,NONHSAT052700
lNONHSAG021406,NONHSAT052802
lNONHSAG021411,NONHSAT237136
lNONHSAG021411,NONHSAT052818
lNONHSAG021411,NONHSAT052819
lNONHSAG021846,NONHSAT053750
lNONHSAG021905,NONHSAT053893
lNONHSAG021905,NONHSAT053892
lNONHSAG021905,NONHSAT237947
lNONHSAG021914,NONHSAT053923
lNONHSAG021914,NONHSAT237244
lNONHSAG021914,NONHSAT237242
lNONHSAG021914,NONHSAT237241
lNONHSAG021914,NONHSAT053920
lNONHSAG021914,NONHSAT175246
lNONHSAG021914,NONHSAT053925
lNONHSAG021914,NONHSAT237243
lNONHSAG021914,NONHSAT237245
lNONHSAG022018,NONHSAT054203
lNONHSAG022018,NONHSAT054205
lNONHSAG022018,NONHSAT054204
lNONHSAG022040,NONHSAT054303
lNONHSAG022040,NONHSAT176293
lNONHSAG022252,NONHSAT054793
lNONHSAG022328,NONHSAT238070
lNONHSAG022328,NONHSAT238069
lNONHSAG022328,NONHSAT054945
lNONHSAG022523,NONHSAT055345
lNONHSAG022523,NONHSAT055344
lNONHSAG022523,NONHSAT055340
lNONHSAG022523,NONHSAT055346
lNONHSAG022523,NONHSAT055350
lNONHSAG022523,NONHSAT176464
lNONHSAG022523,NONHSAT055343
lNONHSAG022523,NONHSAT055349
lNONHSAG022523,NONHSAT055341
lNONHSAG022523,NONHSAT055351
lNONHSAG022523,NONHSAT055352
lNONHSAG022523,NONHSAT055342
lNONHSAG022523,NONHSAT055348
lNONHSAG022523,NONHSAT055347
lNONHSAG022583,NONHSAT055470
lNONHSAG022583,NONHSAT175519
lNONHSAG022583,NONHSAT175523
lNONHSAG022583,NONHSAT055462
lNONHSAG022583,NONHSAT055467
lNONHSAG022583,NONHSAT175521
lNONHSAG022583,NONHSAT055475
lNONHSAG022583,NONHSAT237437
lNONHSAG022583,NONHSAT237433
lNONHSAG022583,NONHSAT055474
lNONHSAG022583,NONHSAT055465
lNONHSAG022583,NONHSAT055466
lNONHSAG022583,NONHSAT237435
lNONHSAG022583,NONHSAT055460
lNONHSAG022583,NONHSAT055510
lNONHSAG022583,NONHSAT055464
lNONHSAG022583,NONHSAT055469
lNONHSAG022583,NONHSAT055477
lNONHSAG022583,NONHSAT055471
lNONHSAG022583,NONHSAT055461
lNONHSAG022583,NONHSAT237439
lNONHSAG022583,NONHSAT237434
lNONHSAG022583,NONHSAT055463
lNONHSAG022583,NONHSAT055468
lNONHSAG022583,NONHSAT055472
lNONHSAG022583,NONHSAT175522
lNONHSAG022583,NONHSAT055476
lNONHSAG022583,NONHSAT175520
lNONHSAG022872,NONHSAT056184
lNONHSAG022872,NONHSAT056185
lNONHSAG022995,NONHSAT238262
lNONHSAG022995,NONHSAT056487
lNONHSAG023036,NONHSAT238270
lNONHSAG023036,NONHSAT056576
lNONHSAG024210,NONHSAT059958
lNONHSAG024210,NONHSAT238980
lNONHSAG024210,NONHSAT059960
lNONHSAG024210,NONHSAT059956
lNONHSAG024210,NONHSAT059961
lNONHSAG024210,NONHSAT059959
lNONHSAG024210,NONHSAT178682
lNONHSAG024210,NONHSAT178684
lNONHSAG024210,NONHSAT178683
lNONHSAG024210,NONHSAT059957
lNONHSAG024210,NONHSAT238981
lNONHSAG024364,NONHSAT060301
lNONHSAG024364,NONHSAT060300
lNONHSAG024364,NONHSAT060299
lNONHSAG024444,NONHSAT180065
lNONHSAG024444,NONHSAT060452
lNONHSAG024587,NONHSAT239087
lNONHSAG024587,NONHSAT060732
lNONHSAG024587,NONHSAT239088
lNONHSAG024587,NONHSAT060733
lNONHSAG024587,NONHSAT179389
lNONHSAG024587,NONHSAT179391
lNONHSAG025091,NONHSAT062886
lNONHSAG025093,NONHSAT062889
lNONHSAG025133,NONHSAT062974
lNONHSAG025547,NONHSAT065785
lNONHSAG025547,NONHSAT180353
lNONHSAG025559,NONHSAT065801
lNONHSAG025605,NONHSAT179694
lNONHSAG025605,NONHSAT065912
lNONHSAG025636,NONHSAT180378
lNONHSAG025636,NONHSAT065955
lNONHSAG026116,NONHSAT066961
lNONHSAG026272,NONHSAT067252
lNONHSAG026272,NONHSAT240131
lNONHSAG026272,NONHSAT067254
lNONHSAG026272,NONHSAT067253
lNONHSAG026385,NONHSAT067485
lNONHSAG026385,NONHSAT180547
lNONHSAG026407,NONHSAT180553
lNONHSAG026407,NONHSAT067535
lNONHSAG026520,NONHSAT067913
lNONHSAG026520,NONHSAT180570
lNONHSAG026712,NONHSAT068335
lNONHSAG026712,NONHSAT068342
lNONHSAG026712,NONHSAT240237
lNONHSAG026712,NONHSAT068334
lNONHSAG026712,NONHSAT068337
lNONHSAG026712,NONHSAT180623
lNONHSAG026712,NONHSAT180624
lNONHSAG026712,NONHSAT240238
lNONHSAG026744,NONHSAT068469
lNONHSAG026744,NONHSAT068468
lNONHSAG026744,NONHSAT068464
lNONHSAG026744,NONHSAT068470
lNONHSAG026842,NONHSAT068702
lNONHSAG026842,NONHSAT068701
lNONHSAG026856,NONHSAT240288
lNONHSAG026856,NONHSAT068741
lNONHSAG026856,NONHSAT240287
lNONHSAG026856,NONHSAT068732
lNONHSAG026856,NONHSAT181162
lNONHSAG026856,NONHSAT240290
lNONHSAG026856,NONHSAT068736
lNONHSAG026856,NONHSAT068731
lNONHSAG026856,NONHSAT068735
lNONHSAG026856,NONHSAT068738
lNONHSAG026856,NONHSAT068739
lNONHSAG026856,NONHSAT068737
lNONHSAG026856,NONHSAT240289
lNONHSAG026856,NONHSAT259423
lNONHSAG026856,NONHSAT068733
lNONHSAG026896,NONHSAT259426
lNONHSAG026896,NONHSAT259425
lNONHSAG026967,NONHSAT259429
lNONHSAG026967,NONHSAT259428
lNONHSAG027039,NONHSAT259430
lNONHSAG027195,NONHSAT259432
lNONHSAG027195,NONHSAT259433
lNONHSAG027291,NONHSAT069701
lNONHSAG027362,NONHSAT259434
lNONHSAG027391,NONHSAT259436
lNONHSAG027414,NONHSAT069965
lNONHSAG027432,NONHSAT259437
lNONHSAG027599,NONHSAT259440
lNONHSAG027603,NONHSAT259441
lNONHSAG027606,NONHSAT259442
lNONHSAG027916,NONHSAT259446
lNONHSAG027916,NONHSAT259447
lNONHSAG027959,NONHSAT259448
lNONHSAG027959,NONHSAT259449
lNONHSAG028093,NONHSAT184900
lNONHSAG028093,NONHSAT184839
lNONHSAG028093,NONHSAT071425
lNONHSAG028093,NONHSAT071404
lNONHSAG028093,NONHSAT242165
lNONHSAG028093,NONHSAT184898
lNONHSAG028093,NONHSAT184838
lNONHSAG028093,NONHSAT242163
lNONHSAG028093,NONHSAT071421
lNONHSAG028093,NONHSAT184841
lNONHSAG028093,NONHSAT184832
lNONHSAG028093,NONHSAT184875
lNONHSAG028093,NONHSAT184930
lNONHSAG028093,NONHSAT242146
lNONHSAG028093,NONHSAT242155
lNONHSAG028093,NONHSAT184894
lNONHSAG028093,NONHSAT071436
lNONHSAG028093,NONHSAT071440
lNONHSAG028093,NONHSAT184858
lNONHSAG028093,NONHSAT071454
lNONHSAG028093,NONHSAT184823
lNONHSAG028093,NONHSAT242121
lNONHSAG028093,NONHSAT184891
lNONHSAG028093,NONHSAT242131
lNONHSAG028093,NONHSAT242135
lNONHSAG028093,NONHSAT242169
lNONHSAG028093,NONHSAT184844
lNONHSAG028093,NONHSAT071429
lNONHSAG028093,NONHSAT071399
lNONHSAG028093,NONHSAT184873
lNONHSAG028093,NONHSAT242162
lNONHSAG028093,NONHSAT242123
lNONHSAG028093,NONHSAT242129
lNONHSAG028093,NONHSAT242154
lNONHSAG028093,NONHSAT071387
lNONHSAG028093,NONHSAT184915
lNONHSAG028093,NONHSAT184889
lNONHSAG028093,NONHSAT242148
lNONHSAG028093,NONHSAT071433
lNONHSAG028093,NONHSAT071377
lNONHSAG028093,NONHSAT184936
lNONHSAG028093,NONHSAT071395
lNONHSAG028093,NONHSAT071420
lNONHSAG028093,NONHSAT184872
lNONHSAG028093,NONHSAT242142
lNONHSAG028093,NONHSAT071385
lNONHSAG028093,NONHSAT184855
lNONHSAG028093,NONHSAT184877
lNONHSAG028093,NONHSAT184895
lNONHSAG028093,NONHSAT184922
lNONHSAG028093,NONHSAT184929
lNONHSAG028093,NONHSAT071442
lNONHSAG028093,NONHSAT184833
lNONHSAG028093,NONHSAT184854
lNONHSAG028093,NONHSAT184865
lNONHSAG028093,NONHSAT184868
lNONHSAG028093,NONHSAT184911
lNONHSAG028093,NONHSAT184852
lNONHSAG028093,NONHSAT184928
lNONHSAG028093,NONHSAT071408
lNONHSAG028093,NONHSAT242159
lNONHSAG028093,NONHSAT242161
lNONHSAG028093,NONHSAT184857
lNONHSAG028093,NONHSAT184869
lNONHSAG028093,NONHSAT071459
lNONHSAG028093,NONHSAT184876
lNONHSAG028093,NONHSAT071439
lNONHSAG028093,NONHSAT184892
lNONHSAG028093,NONHSAT184864
lNONHSAG028093,NONHSAT184902
lNONHSAG028093,NONHSAT242127
lNONHSAG028093,NONHSAT184927
lNONHSAG028093,NONHSAT071405
lNONHSAG028093,NONHSAT184821
lNONHSAG028093,NONHSAT242119
lNONHSAG028093,NONHSAT071426
lNONHSAG028093,NONHSAT184881
lNONHSAG028093,NONHSAT242141
lNONHSAG028093,NONHSAT184924
lNONHSAG028093,NONHSAT071438
lNONHSAG028093,NONHSAT184893
lNONHSAG028093,NONHSAT071431
lNONHSAG028093,NONHSAT071400
lNONHSAG028093,NONHSAT184904
lNONHSAG028093,NONHSAT071379
lNONHSAG028093,NONHSAT071410
lNONHSAG028093,NONHSAT184901
lNONHSAG028093,NONHSAT242130
lNONHSAG028093,NONHSAT242140
lNONHSAG028093,NONHSAT071375
lNONHSAG028093,NONHSAT184919
lNONHSAG028093,NONHSAT184896
lNONHSAG028093,NONHSAT184851
lNONHSAG028093,NONHSAT184830
lNONHSAG028093,NONHSAT184828
lNONHSAG028093,NONHSAT184878
lNONHSAG028093,NONHSAT071446
lNONHSAG028093,NONHSAT071417
lNONHSAG028093,NONHSAT071430
lNONHSAG028093,NONHSAT071407
lNONHSAG028093,NONHSAT184861
lNONHSAG028093,NONHSAT184882
lNONHSAG028093,NONHSAT071390
lNONHSAG028093,NONHSAT071450
lNONHSAG028093,NONHSAT071432
lNONHSAG028093,NONHSAT071451
lNONHSAG028093,NONHSAT242166
lNONHSAG028093,NONHSAT071413
lNONHSAG028093,NONHSAT184885
lNONHSAG028093,NONHSAT184910
lNONHSAG028093,NONHSAT071441
lNONHSAG028093,NONHSAT184935
lNONHSAG028093,NONHSAT184824
lNONHSAG028093,NONHSAT184856
lNONHSAG028093,NONHSAT071457
lNONHSAG028093,NONHSAT184822
lNONHSAG028093,NONHSAT071373
lNONHSAG028093,NONHSAT242120
lNONHSAG028093,NONHSAT071389
lNONHSAG028093,NONHSAT184845
lNONHSAG028093,NONHSAT242139
lNONHSAG028093,NONHSAT071409
lNONHSAG028093,NONHSAT071388
lNONHSAG028093,NONHSAT242145
lNONHSAG028093,NONHSAT242128
lNONHSAG028093,NONHSAT184886
lNONHSAG028093,NONHSAT071411
lNONHSAG028093,NONHSAT242151
lNONHSAG028093,NONHSAT184837
lNONHSAG028093,NONHSAT184914
lNONHSAG028093,NONHSAT242143
lNONHSAG028093,NONHSAT184883
lNONHSAG028093,NONHSAT242147
lNONHSAG028093,NONHSAT071419
lNONHSAG028093,NONHSAT242158
lNONHSAG028093,NONHSAT071374
lNONHSAG028093,NONHSAT242167
lNONHSAG028093,NONHSAT071378
lNONHSAG028093,NONHSAT184862
lNONHSAG028093,NONHSAT071423
lNONHSAG028093,NONHSAT184912
lNONHSAG028093,NONHSAT071397
lNONHSAG028093,NONHSAT184899
lNONHSAG028093,NONHSAT242136
lNONHSAG028093,NONHSAT184863
lNONHSAG028093,NONHSAT184874
lNONHSAG028093,NONHSAT071372
lNONHSAG028093,NONHSAT071427
lNONHSAG028093,NONHSAT184846
lNONHSAG028093,NONHSAT071422
lNONHSAG028093,NONHSAT184925
lNONHSAG028093,NONHSAT242124
lNONHSAG028093,NONHSAT242152
lNONHSAG028093,NONHSAT071443
lNONHSAG028093,NONHSAT071394
lNONHSAG028093,NONHSAT071416
lNONHSAG028093,NONHSAT242122
lNONHSAG028093,NONHSAT071435
lNONHSAG028093,NONHSAT071434
lNONHSAG028093,NONHSAT184866
lNONHSAG028093,NONHSAT242125
lNONHSAG028093,NONHSAT242138
lNONHSAG028093,NONHSAT071380
lNONHSAG028093,NONHSAT184831
lNONHSAG028093,NONHSAT184843
lNONHSAG028093,NONHSAT184825
lNONHSAG028093,NONHSAT071403
lNONHSAG028093,NONHSAT184827
lNONHSAG028093,NONHSAT184907
lNONHSAG028093,NONHSAT184897
lNONHSAG028093,NONHSAT071445
lNONHSAG028093,NONHSAT184918
lNONHSAG028093,NONHSAT071437
lNONHSAG028093,NONHSAT184888
lNONHSAG028093,NONHSAT242156
lNONHSAG028093,NONHSAT184908
lNONHSAG028093,NONHSAT184934
lNONHSAG028093,NONHSAT071428
lNONHSAG028093,NONHSAT184871
lNONHSAG028093,NONHSAT242150
lNONHSAG028093,NONHSAT071402
lNONHSAG028093,NONHSAT184849
lNONHSAG028093,NONHSAT071444
lNONHSAG028093,NONHSAT242164
lNONHSAG028093,NONHSAT184867
lNONHSAG028093,NONHSAT184906
lNONHSAG028093,NONHSAT184921
lNONHSAG028093,NONHSAT242134
lNONHSAG028093,NONHSAT242137
lNONHSAG028093,NONHSAT071376
lNONHSAG028093,NONHSAT184848
lNONHSAG028093,NONHSAT242133
lNONHSAG028093,NONHSAT242153
lNONHSAG028093,NONHSAT184917
lNONHSAG028093,NONHSAT071406
lNONHSAG028093,NONHSAT184853
lNONHSAG028093,NONHSAT184834
lNONHSAG028093,NONHSAT184920
lNONHSAG028093,NONHSAT071448
lNONHSAG028093,NONHSAT184836
lNONHSAG028093,NONHSAT184879
lNONHSAG028093,NONHSAT071396
lNONHSAG028093,NONHSAT184903
lNONHSAG028093,NONHSAT184870
lNONHSAG028093,NONHSAT242132
lNONHSAG028093,NONHSAT071447
lNONHSAG028093,NONHSAT242149
lNONHSAG028093,NONHSAT184916
lNONHSAG028093,NONHSAT242126
lNONHSAG028093,NONHSAT184847
lNONHSAG028093,NONHSAT242160
lNONHSAG028093,NONHSAT184826
lNONHSAG028093,NONHSAT242144
lNONHSAG028093,NONHSAT184905
lNONHSAG028093,NONHSAT184926
lNONHSAG028093,NONHSAT184859
lNONHSAG028093,NONHSAT184829
lNONHSAG028093,NONHSAT071418
lNONHSAG028093,NONHSAT184840
lNONHSAG028093,NONHSAT184842
lNONHSAG028093,NONHSAT184860
lNONHSAG028093,NONHSAT242157
lNONHSAG028093,NONHSAT184880
lNONHSAG028093,NONHSAT184850
lNONHSAG028093,NONHSAT242168
lNONHSAG028093,NONHSAT184884
lNONHSAG028093,NONHSAT071412
lNONHSAG028093,NONHSAT184890
lNONHSAG028093,NONHSAT184835
lNONHSAG028096,NONHSAT071456
lNONHSAG028195,NONHSAT071649
lNONHSAG028545,NONHSAT242313
lNONHSAG028545,NONHSAT072397
lNONHSAG028545,NONHSAT072398
lNONHSAG028545,NONHSAT072399
lNONHSAG028545,NONHSAT185117
lNONHSAG028545,NONHSAT242312
lNONHSAG028545,NONHSAT072396
lNONHSAG028565,NONHSAT185123
lNONHSAG028595,NONHSAT259450
lNONHSAG028643,NONHSAT259451
lNONHSAG028795,NONHSAT259454
lNONHSAG028803,NONHSAT259455
lNONHSAG028808,NONHSAT259456
lNONHSAG028819,NONHSAT072986
lNONHSAG028819,NONHSAT242389
lNONHSAG028819,NONHSAT072984
lNONHSAG028819,NONHSAT072985
lNONHSAG028819,NONHSAT242390
lNONHSAG028819,NONHSAT242388
lNONHSAG028819,NONHSAT242387
lNONHSAG028819,NONHSAT242386
lNONHSAG028943,NONHSAT073632
lNONHSAG028961,NONHSAT259457
lNONHSAG029019,NONHSAT073806
lNONHSAG029020,NONHSAT073807
lNONHSAG029021,NONHSAT073808
lNONHSAG029042,NONHSAT259458
lNONHSAG029066,NONHSAT182487
lNONHSAG029066,NONHSAT073898
lNONHSAG029066,NONHSAT073902
lNONHSAG029066,NONHSAT073899
lNONHSAG029066,NONHSAT073897
lNONHSAG029066,NONHSAT073901
lNONHSAG029066,NONHSAT073896
lNONHSAG029066,NONHSAT240968
lNONHSAG029066,NONHSAT240969
lNONHSAG029066,NONHSAT073900
lNONHSAG029139,NONHSAT259459
lNONHSAG029173,NONHSAT259460
lNONHSAG029406,NONHSAT074674
lNONHSAG029406,NONHSAT074673
lNONHSAG029408,NONHSAT259461
lNONHSAG029408,NONHSAT259462
lNONHSAG029408,NONHSAT259463
lNONHSAG029490,NONHSAT259465
lNONHSAG029548,NONHSAT241121
lNONHSAG029548,NONHSAT241122
lNONHSAG029548,NONHSAT074960
lNONHSAG029585,NONHSAT259466
lNONHSAG029585,NONHSAT259467
lNONHSAG029613,NONHSAT185725
lNONHSAG029613,NONHSAT075071
lNONHSAG029683,NONHSAT259471
lNONHSAG029723,NONHSAT259472
lNONHSAG029726,NONHSAT075265
lNONHSAG029742,NONHSAT259473
lNONHSAG029791,NONHSAT259475
lNONHSAG029791,NONHSAT259476
lNONHSAG029910,NONHSAT259477
lNONHSAG029921,NONHSAT259478
lNONHSAG029956,NONHSAT075806
lNONHSAG029956,NONHSAT075781
lNONHSAG029956,NONHSAT075792
lNONHSAG029956,NONHSAT183183
lNONHSAG029956,NONHSAT183201
lNONHSAG029956,NONHSAT183203
lNONHSAG029956,NONHSAT075770
lNONHSAG029956,NONHSAT075778
lNONHSAG029956,NONHSAT075782
lNONHSAG029956,NONHSAT075768
lNONHSAG029956,NONHSAT183195
lNONHSAG029956,NONHSAT183205
lNONHSAG029956,NONHSAT075764
lNONHSAG029956,NONHSAT075777
lNONHSAG029956,NONHSAT075819
lNONHSAG029956,NONHSAT183202
lNONHSAG029956,NONHSAT075787
lNONHSAG029956,NONHSAT075766
lNONHSAG029956,NONHSAT075788
lNONHSAG029956,NONHSAT075775
lNONHSAG029956,NONHSAT075780
lNONHSAG029956,NONHSAT075762
lNONHSAG029956,NONHSAT075795
lNONHSAG029956,NONHSAT075757
lNONHSAG029956,NONHSAT075803
lNONHSAG029956,NONHSAT183199
lNONHSAG029956,NONHSAT075797
lNONHSAG029956,NONHSAT183197
lNONHSAG029956,NONHSAT183198
lNONHSAG029956,NONHSAT075814
lNONHSAG029956,NONHSAT183204
lNONHSAG029956,NONHSAT075789
lNONHSAG029956,NONHSAT183185
lNONHSAG029956,NONHSAT183188
lNONHSAG029956,NONHSAT183196
lNONHSAG029956,NONHSAT075765
lNONHSAG029956,NONHSAT075760
lNONHSAG029956,NONHSAT075818
lNONHSAG029956,NONHSAT075790
lNONHSAG029956,NONHSAT075785
lNONHSAG029956,NONHSAT075804
lNONHSAG029956,NONHSAT183187
lNONHSAG029956,NONHSAT183200
lNONHSAG029956,NONHSAT075763
lNONHSAG029956,NONHSAT075771
lNONHSAG029956,NONHSAT183190
lNONHSAG029956,NONHSAT183186
lNONHSAG029956,NONHSAT075769
lNONHSAG029956,NONHSAT075817
lNONHSAG029956,NONHSAT183182
lNONHSAG029956,NONHSAT183189
lNONHSAG029956,NONHSAT075793
lNONHSAG029956,NONHSAT183191
lNONHSAG029956,NONHSAT075808
lNONHSAG029956,NONHSAT183192
lNONHSAG029956,NONHSAT075779
lNONHSAG029956,NONHSAT075786
lNONHSAG029956,NONHSAT075773
lNONHSAG029956,NONHSAT183194
lNONHSAG029956,NONHSAT183206
lNONHSAG029956,NONHSAT075776
lNONHSAG029956,NONHSAT075802
lNONHSAG029956,NONHSAT075758
lNONHSAG029956,NONHSAT075791
lNONHSAG029956,NONHSAT075794
lNONHSAG029956,NONHSAT075796
lNONHSAG029956,NONHSAT075805
lNONHSAG029956,NONHSAT075767
lNONHSAG029956,NONHSAT183193
lNONHSAG029956,NONHSAT075810
lNONHSAG029956,NONHSAT075783
lNONHSAG029956,NONHSAT075759
lNONHSAG029956,NONHSAT075774
lNONHSAG029956,NONHSAT075784
lNONHSAG029957,NONHSAT075798
lNONHSAG030103,NONHSAT259479
lNONHSAG030103,NONHSAT259480
lNONHSAG030440,NONHSAT259483
lNONHSAG030459,NONHSAT259484
lNONHSAG030538,NONHSAT183568
lNONHSAG030538,NONHSAT183567
lNONHSAG030691,NONHSAT259487
lNONHSAG030757,NONHSAT077334
lNONHSAG030773,NONHSAT259488
lNONHSAG030950,NONHSAT259490
lNONHSAG031060,NONHSAT078003
lNONHSAG031060,NONHSAT078001
lNONHSAG031060,NONHSAT078002
lNONHSAG031060,NONHSAT078000
lNONHSAG031060,NONHSAT241622
lNONHSAG031060,NONHSAT078004
lNONHSAG031060,NONHSAT241623
lNONHSAG031060,NONHSAT078006
lNONHSAG031060,NONHSAT077999
lNONHSAG031078,NONHSAT189182
lNONHSAG031078,NONHSAT078055
lNONHSAG031079,NONHSAT243605
lNONHSAG031079,NONHSAT243606
lNONHSAG031079,NONHSAT078053
lNONHSAG031079,NONHSAT189181
lNONHSAG031079,NONHSAT078057
lNONHSAG031079,NONHSAT189183
lNONHSAG031079,NONHSAT243603
lNONHSAG031079,NONHSAT243612
lNONHSAG031079,NONHSAT078054
lNONHSAG031079,NONHSAT243608
lNONHSAG031079,NONHSAT243601
lNONHSAG031079,NONHSAT243610
lNONHSAG031079,NONHSAT243613
lNONHSAG031079,NONHSAT243614
lNONHSAG031079,NONHSAT243602
lNONHSAG031079,NONHSAT243604
lNONHSAG031079,NONHSAT243599
lNONHSAG031079,NONHSAT243611
lNONHSAG031079,NONHSAT243609
lNONHSAG031079,NONHSAT078052
lNONHSAG031079,NONHSAT243600
lNONHSAG031079,NONHSAT243607
lNONHSAG031079,NONHSAT243615
lNONHSAG031233,NONHSAT259494
lNONHSAG031293,NONHSAT259495
lNONHSAG031316,NONHSAT259496
lNONHSAG031476,NONHSAT259497
lNONHSAG031551,NONHSAT259498
lNONHSAG031557,NONHSAT259499
lNONHSAG031563,NONHSAT259500
lNONHSAG031565,NONHSAT079276
lNONHSAG031565,NONHSAT079277
lNONHSAG031565,NONHSAT243300
lNONHSAG031565,NONHSAT188634
lNONHSAG031565,NONHSAT243299
lNONHSAG031565,NONHSAT188633
lNONHSAG031703,NONHSAT079572
lNONHSAG031703,NONHSAT189619
lNONHSAG031703,NONHSAT079579
lNONHSAG031703,NONHSAT243808
lNONHSAG031703,NONHSAT079580
lNONHSAG031703,NONHSAT243809
lNONHSAG031703,NONHSAT079578
lNONHSAG031703,NONHSAT079574
lNONHSAG031703,NONHSAT079571
lNONHSAG031749,NONHSAT259502
lNONHSAG031750,NONHSAT259503
lNONHSAG031776,NONHSAT259504
lNONHSAG031818,NONHSAT079828
lNONHSAG031956,NONHSAT259506
lNONHSAG032072,NONHSAT259514
lNONHSAG032190,NONHSAT259515
lNONHSAG032190,NONHSAT259516
lNONHSAG032297,NONHSAT243587
lNONHSAG032297,NONHSAT243586
lNONHSAG032297,NONHSAT080907
lNONHSAG032297,NONHSAT080905
lNONHSAG032297,NONHSAT080908
lNONHSAG032297,NONHSAT189167
lNONHSAG032327,NONHSAT081030
lNONHSAG032461,NONHSAT259518
lNONHSAG032488,NONHSAT259523
lNONHSAG032488,NONHSAT259519
lNONHSAG032488,NONHSAT259522
lNONHSAG032488,NONHSAT259520
lNONHSAG032488,NONHSAT259521
lNONHSAG032524,NONHSAT259524
lNONHSAG032525,NONHSAT259525
lNONHSAG032544,NONHSAT081464
lNONHSAG032544,NONHSAT081463
lNONHSAG032544,NONHSAT081462
lNONHSAG032546,NONHSAT259529
lNONHSAG032546,NONHSAT259530
lNONHSAG032597,NONHSAT259531
lNONHSAG032682,NONHSAT259532
lNONHSAG032705,NONHSAT081784
lNONHSAG032705,NONHSAT081783
lNONHSAG032916,NONHSAT259535
lNONHSAG032986,NONHSAT244616
lNONHSAG032986,NONHSAT082406
lNONHSAG032986,NONHSAT082427
lNONHSAG032986,NONHSAT082433
lNONHSAG032986,NONHSAT082431
lNONHSAG032986,NONHSAT191557
lNONHSAG032986,NONHSAT082426
lNONHSAG032986,NONHSAT082414
lNONHSAG032986,NONHSAT244619
lNONHSAG032986,NONHSAT082428
lNONHSAG032986,NONHSAT082411
lNONHSAG032986,NONHSAT191556
lNONHSAG032986,NONHSAT082419
lNONHSAG032986,NONHSAT244617
lNONHSAG032986,NONHSAT244620
lNONHSAG032986,NONHSAT082425
lNONHSAG032986,NONHSAT082413
lNONHSAG032986,NONHSAT191555
lNONHSAG032986,NONHSAT244618
lNONHSAG032986,NONHSAT082417
lNONHSAG032986,NONHSAT082421
lNONHSAG032986,NONHSAT082415
lNONHSAG032986,NONHSAT082434
lNONHSAG032986,NONHSAT082422
lNONHSAG032986,NONHSAT082430
lNONHSAG032986,NONHSAT082432
lNONHSAG032986,NONHSAT082429
lNONHSAG032986,NONHSAT082420
lNONHSAG032986,NONHSAT082416
lNONHSAG032986,NONHSAT082410
lNONHSAG033038,NONHSAT191060
lNONHSAG033038,NONHSAT082865
lNONHSAG033038,NONHSAT191059
lNONHSAG033244,NONHSAT244701
lNONHSAG033244,NONHSAT244702
lNONHSAG033244,NONHSAT083304
lNONHSAG033244,NONHSAT244703
lNONHSAG033266,NONHSAT083392
lNONHSAG033266,NONHSAT244708
lNONHSAG033266,NONHSAT244709
lNONHSAG033308,NONHSAT083493
lNONHSAG033348,NONHSAT083617
lNONHSAG033348,NONHSAT083615
lNONHSAG033348,NONHSAT083616
lNONHSAG033474,NONHSAT259537
lNONHSAG033569,NONHSAT084469
lNONHSAG033588,NONHSAT259539
lNONHSAG033590,NONHSAT259538
lNONHSAG033712,NONHSAT084887
lNONHSAG033777,NONHSAT259542
lNONHSAG033777,NONHSAT259541
lNONHSAG033777,NONHSAT259543
lNONHSAG033858,NONHSAT192897
lNONHSAG033858,NONHSAT245181
lNONHSAG033858,NONHSAT085148
lNONHSAG033858,NONHSAT245180
lNONHSAG033937,NONHSAT086728
lNONHSAG033937,NONHSAT086729
lNONHSAG034172,NONHSAT087316
lNONHSAG034215,NONHSAT087407
lNONHSAG034215,NONHSAT193033
lNONHSAG034223,NONHSAT259546
lNONHSAG034261,NONHSAT259549
lNONHSAG034261,NONHSAT259547
lNONHSAG034261,NONHSAT259548
lNONHSAG034303,NONHSAT087601
lNONHSAG034303,NONHSAT245352
lNONHSAG034340,NONHSAT087678
lNONHSAG034554,NONHSAT259554
lNONHSAG034554,NONHSAT259553
lNONHSAG034554,NONHSAT259552
lNONHSAG034627,NONHSAT259555
lNONHSAG034645,NONHSAT259556
lNONHSAG034645,NONHSAT259557
lNONHSAG034670,NONHSAT259558
lNONHSAG034673,NONHSAT259560
lNONHSAG034674,NONHSAT259559
lNONHSAG034738,NONHSAT259561
lNONHSAG034818,NONHSAT089129
lNONHSAG034935,NONHSAT259563
lNONHSAG034973,NONHSAT245521
lNONHSAG034973,NONHSAT089477
lNONHSAG034973,NONHSAT245517
lNONHSAG034973,NONHSAT089480
lNONHSAG034973,NONHSAT089476
lNONHSAG034973,NONHSAT089482
lNONHSAG034973,NONHSAT089488
lNONHSAG034973,NONHSAT245516
lNONHSAG034973,NONHSAT245519
lNONHSAG034973,NONHSAT089478
lNONHSAG034973,NONHSAT245518
lNONHSAG034973,NONHSAT245520
lNONHSAG034973,NONHSAT089479
lNONHSAG035287,NONHSAT259564
lNONHSAG035305,NONHSAT259566
lNONHSAG035319,NONHSAT090225
lNONHSAG035319,NONHSAT090223
lNONHSAG035319,NONHSAT193975
lNONHSAG035319,NONHSAT193976
lNONHSAG035342,NONHSAT259567
lNONHSAG035447,NONHSAT259569
lNONHSAG035447,NONHSAT259571
lNONHSAG035447,NONHSAT259570
lNONHSAG035479,NONHSAT259573
lNONHSAG035630,NONHSAT259577
lNONHSAG035630,NONHSAT259576
lNONHSAG035677,NONHSAT259580
lNONHSAG035677,NONHSAT259579
lNONHSAG036047,NONHSAT245863
lNONHSAG036047,NONHSAT092023
lNONHSAG036047,NONHSAT092021
lNONHSAG036047,NONHSAT092024
lNONHSAG036047,NONHSAT092020
lNONHSAG036047,NONHSAT194461
lNONHSAG036047,NONHSAT092026
lNONHSAG036047,NONHSAT092022
lNONHSAG036047,NONHSAT092027
lNONHSAG036047,NONHSAT245864
lNONHSAG036047,NONHSAT092028
lNONHSAG036047,NONHSAT245861
lNONHSAG036047,NONHSAT245862
lNONHSAG036047,NONHSAT245860
lNONHSAG036047,NONHSAT092025
lNONHSAG036175,NONHSAT259586
lNONHSAG036184,NONHSAT259587
lNONHSAG036212,NONHSAT259588
lNONHSAG036272,NONHSAT259589
lNONHSAG036390,NONHSAT259591
lNONHSAG036391,NONHSAT259592
lNONHSAG036412,NONHSAT259593
lNONHSAG036477,NONHSAT259594
lNONHSAG036567,NONHSAT259596
lNONHSAG036657,NONHSAT259597
lNONHSAG036762,NONHSAT259598
lNONHSAG036767,NONHSAT259600
lNONHSAG036767,NONHSAT259599
lNONHSAG036796,NONHSAT259601
lNONHSAG036859,NONHSAT093715
lNONHSAG036900,NONHSAT093803
lNONHSAG037025,NONHSAT259606
lNONHSAG037031,NONHSAT259608
lNONHSAG037031,NONHSAT259607
lNONHSAG037031,NONHSAT259609
lNONHSAG037161,NONHSAT259611
lNONHSAG037181,NONHSAT259612
lNONHSAG037242,NONHSAT094650
lNONHSAG037328,NONHSAT259613
lNONHSAG037335,NONHSAT094858
lNONHSAG037335,NONHSAT094859
lNONHSAG037420,NONHSAT095060
lNONHSAG037420,NONHSAT247300
lNONHSAG037420,NONHSAT247299
lNONHSAG037420,NONHSAT095059
lNONHSAG037420,NONHSAT247301
lNONHSAG037431,NONHSAT259614
lNONHSAG037595,NONHSAT259616
lNONHSAG037699,NONHSAT259617
lNONHSAG037699,NONHSAT259618
lNONHSAG037702,NONHSAT259619
lNONHSAG037702,NONHSAT259620
lNONHSAG037748,NONHSAT259622
lNONHSAG037860,NONHSAT259623
lNONHSAG037889,NONHSAT096268
lNONHSAG037963,NONHSAT259624
lNONHSAG037965,NONHSAT259625
lNONHSAG038024,NONHSAT259626
lNONHSAG038027,NONHSAT259627
lNONHSAG038058,NONHSAT259629
lNONHSAG038080,NONHSAT096683
lNONHSAG038080,NONHSAT096681
lNONHSAG038080,NONHSAT096682
lNONHSAG038081,NONHSAT200033
lNONHSAG038081,NONHSAT096686
lNONHSAG038081,NONHSAT096685
lNONHSAG038380,NONHSAT097303
lNONHSAG038380,NONHSAT200176
lNONHSAG038398,NONHSAT259631
lNONHSAG038480,NONHSAT097506
lNONHSAG038480,NONHSAT247669
lNONHSAG038480,NONHSAT097503
lNONHSAG038480,NONHSAT247667
lNONHSAG038480,NONHSAT247666
lNONHSAG038480,NONHSAT097507
lNONHSAG038480,NONHSAT247668
lNONHSAG038480,NONHSAT097505
lNONHSAG038480,NONHSAT097508
lNONHSAG038592,NONHSAT259635
lNONHSAG038718,NONHSAT259637
lNONHSAG038718,NONHSAT259636
lNONHSAG038869,NONHSAT259646
lNONHSAG038869,NONHSAT259645
lNONHSAG038869,NONHSAT259644
lNONHSAG038883,NONHSAT259647
lNONHSAG038926,NONHSAT259649
lNONHSAG038929,NONHSAT259650
lNONHSAG038929,NONHSAT259651
lNONHSAG038934,NONHSAT259653
lNONHSAG038934,NONHSAT259652
lNONHSAG038964,NONHSAT259655
lNONHSAG039239,NONHSAT259660
lNONHSAG039317,NONHSAT259661
lNONHSAG039323,NONHSAT259662
lNONHSAG039347,NONHSAT259663
lNONHSAG039411,NONHSAT259664
lNONHSAG039504,NONHSAT259666
lNONHSAG039511,NONHSAT259667
lNONHSAG039560,NONHSAT259670
lNONHSAG039571,NONHSAT259671
lNONHSAG039578,NONHSAT259672
lNONHSAG039578,NONHSAT259673
lNONHSAG039584,NONHSAT259674
lNONHSAG039597,NONHSAT259675
lNONHSAG039722,NONHSAT259676
lNONHSAG039749,NONHSAT259678
lNONHSAG039749,NONHSAT259677
lNONHSAG039965,NONHSAT259679
lNONHSAG040032,NONHSAT259680
lNONHSAG040038,NONHSAT100712
lNONHSAG040038,NONHSAT100713
lNONHSAG040038,NONHSAT100714
lNONHSAG040038,NONHSAT202347
lNONHSAG040101,NONHSAT259682
lNONHSAG040101,NONHSAT259683
lNONHSAG040101,NONHSAT259681
lNONHSAG040101,NONHSAT259685
lNONHSAG040162,NONHSAT100972
lNONHSAG040315,NONHSAT259686
lNONHSAG040376,NONHSAT259687
lNONHSAG040444,NONHSAT259691
lNONHSAG040544,NONHSAT259693
lNONHSAG040546,NONHSAT259692
lNONHSAG040592,NONHSAT259695
lNONHSAG040592,NONHSAT259694
lNONHSAG040813,NONHSAT102345
lNONHSAG040813,NONHSAT102344
lNONHSAG040896,NONHSAT259696
lNONHSAG040927,NONHSAT249296
lNONHSAG040927,NONHSAT102552
lNONHSAG040949,NONHSAT259697
lNONHSAG041056,NONHSAT202921
lNONHSAG041334,NONHSAT259700
lNONHSAG041338,NONHSAT259701
lNONHSAG041398,NONHSAT259702
lNONHSAG041659,NONHSAT249533
lNONHSAG041659,NONHSAT249532
lNONHSAG041659,NONHSAT104000
lNONHSAG041659,NONHSAT103999
lNONHSAG041659,NONHSAT249531
lNONHSAG041659,NONHSAT203273
lNONHSAG041723,NONHSAT104167
lNONHSAG041723,NONHSAT104159
lNONHSAG041723,NONHSAT203302
lNONHSAG041723,NONHSAT104161
lNONHSAG041723,NONHSAT104164
lNONHSAG041723,NONHSAT104165
lNONHSAG041723,NONHSAT104160
lNONHSAG041723,NONHSAT104163
lNONHSAG041723,NONHSAT104162
lNONHSAG041723,NONHSAT104169
lNONHSAG041723,NONHSAT104166
lNONHSAG041723,NONHSAT104168
lNONHSAG041723,NONHSAT104170
lNONHSAG041892,NONHSAT259707
lNONHSAG042199,NONHSAT259710
lNONHSAG042199,NONHSAT259711
lNONHSAG042266,NONHSAT259713
lNONHSAG042266,NONHSAT259712
lNONHSAG042270,NONHSAT259714
lNONHSAG042369,NONHSAT259716
lNONHSAG042404,NONHSAT105544
lNONHSAG042491,NONHSAT259719
lNONHSAG042855,NONHSAT259724
lNONHSAG043004,NONHSAT206799
lNONHSAG043004,NONHSAT250809
lNONHSAG043004,NONHSAT206798
lNONHSAG043004,NONHSAT206797
lNONHSAG043016,NONHSAT259725
lNONHSAG043106,NONHSAT259726
lNONHSAG043116,NONHSAT259727
lNONHSAG043136,NONHSAT259728
lNONHSAG043136,NONHSAT259729
lNONHSAG043291,NONHSAT259731
lNONHSAG043306,NONHSAT108445
lNONHSAG043316,NONHSAT108473
lNONHSAG043318,NONHSAT108471
lNONHSAG043329,NONHSAT252128
lNONHSAG043329,NONHSAT108488
lNONHSAG043329,NONHSAT252129
lNONHSAG043371,NONHSAT252137
lNONHSAG043371,NONHSAT108544
lNONHSAG043371,NONHSAT108548
lNONHSAG043371,NONHSAT252135
lNONHSAG043371,NONHSAT252136
lNONHSAG043371,NONHSAT208943
lNONHSAG043371,NONHSAT252138
lNONHSAG043371,NONHSAT108547
lNONHSAG043371,NONHSAT108543
lNONHSAG043433,NONHSAT259733
lNONHSAG043483,NONHSAT259734
lNONHSAG043598,NONHSAT259736
lNONHSAG043637,NONHSAT251075
lNONHSAG043637,NONHSAT207182
lNONHSAG043637,NONHSAT251074
lNONHSAG043637,NONHSAT251076
lNONHSAG043637,NONHSAT207183
lNONHSAG043637,NONHSAT112145
lNONHSAG043796,NONHSAT112857
lNONHSAG043796,NONHSAT207290
lNONHSAG043796,NONHSAT207289
lNONHSAG043833,NONHSAT112918
lNONHSAG043934,NONHSAT259743
lNONHSAG043934,NONHSAT259745
lNONHSAG043934,NONHSAT259744
lNONHSAG044064,NONHSAT259746
lNONHSAG044064,NONHSAT259747
lNONHSAG044067,NONHSAT259749
lNONHSAG044083,NONHSAT259751
lNONHSAG044117,NONHSAT259752
lNONHSAG044170,NONHSAT259754
lNONHSAG044200,NONHSAT259755
lNONHSAG044252,NONHSAT113790
lNONHSAG044279,NONHSAT113844
lNONHSAG044283,NONHSAT259757
lNONHSAG044283,NONHSAT259758
lNONHSAG044461,NONHSAT259760
lNONHSAG044533,NONHSAT114321
lNONHSAG044533,NONHSAT251389
lNONHSAG044533,NONHSAT207791
lNONHSAG044533,NONHSAT207792
lNONHSAG044533,NONHSAT251390
lNONHSAG044540,NONHSAT259761
lNONHSAG044556,NONHSAT259762
lNONHSAG044615,NONHSAT259763
lNONHSAG044751,NONHSAT259767
lNONHSAG044816,NONHSAT259774
lNONHSAG044816,NONHSAT259773
lNONHSAG044869,NONHSAT259776
lNONHSAG044869,NONHSAT259775
lNONHSAG044922,NONHSAT259778
lNONHSAG045089,NONHSAT259779
lNONHSAG045257,NONHSAT208315
lNONHSAG045257,NONHSAT115734
lNONHSAG045258,NONHSAT208316
lNONHSAG045268,NONHSAT259780
lNONHSAG045287,NONHSAT259782
lNONHSAG045343,NONHSAT259785
lNONHSAG045343,NONHSAT259784
lNONHSAG045358,NONHSAT259787
lNONHSAG045358,NONHSAT259786
lNONHSAG045370,NONHSAT259788
lNONHSAG046706,NONHSAT118562
lNONHSAG046706,NONHSAT253837
lNONHSAG046706,NONHSAT118563
lNONHSAG046706,NONHSAT253838
lNONHSAG046706,NONHSAT118564
lNONHSAG046888,NONHSAT119055
lNONHSAG046888,NONHSAT119061
lNONHSAG046888,NONHSAT119057
lNONHSAG046888,NONHSAT119054
lNONHSAG046888,NONHSAT119062
lNONHSAG046888,NONHSAT119056
lNONHSAG046890,NONHSAT211625
lNONHSAG046890,NONHSAT119065
lNONHSAG046890,NONHSAT119063
lNONHSAG046890,NONHSAT119064
lNONHSAG046890,NONHSAT211624
lNONHSAG046903,NONHSAT119109
lNONHSAG046903,NONHSAT211632
lNONHSAG046903,NONHSAT119106
lNONHSAG046903,NONHSAT119107
lNONHSAG046934,NONHSAT259791
lNONHSAG046994,NONHSAT259792
lNONHSAG047001,NONHSAT259793
lNONHSAG047058,NONHSAT259795
lNONHSAG047058,NONHSAT259796
lNONHSAG047086,NONHSAT259797
lNONHSAG047175,NONHSAT259799
lNONHSAG047175,NONHSAT259798
lNONHSAG047237,NONHSAT254033
lNONHSAG047237,NONHSAT213333
lNONHSAG047237,NONHSAT213331
lNONHSAG047237,NONHSAT119798
lNONHSAG047237,NONHSAT254035
lNONHSAG047237,NONHSAT254034
lNONHSAG047237,NONHSAT254031
lNONHSAG047237,NONHSAT254032
lNONHSAG047237,NONHSAT213332
lNONHSAG047237,NONHSAT119797
lNONHSAG047292,NONHSAT119987
lNONHSAG047319,NONHSAT120047
lNONHSAG047319,NONHSAT120042
lNONHSAG047319,NONHSAT120054
lNONHSAG047319,NONHSAT120055
lNONHSAG047319,NONHSAT120050
lNONHSAG047319,NONHSAT120045
lNONHSAG047319,NONHSAT120044
lNONHSAG047319,NONHSAT120049
lNONHSAG047319,NONHSAT120051
lNONHSAG047319,NONHSAT120052
lNONHSAG047319,NONHSAT120048
lNONHSAG047319,NONHSAT213379
lNONHSAG047319,NONHSAT120053
lNONHSAG047319,NONHSAT120043
lNONHSAG047383,NONHSAT120186
lNONHSAG047383,NONHSAT253282
lNONHSAG047383,NONHSAT253294
lNONHSAG047383,NONHSAT120178
lNONHSAG047383,NONHSAT253303
lNONHSAG047383,NONHSAT253292
lNONHSAG047383,NONHSAT120179
lNONHSAG047383,NONHSAT253298
lNONHSAG047383,NONHSAT253302
lNONHSAG047383,NONHSAT253280
lNONHSAG047383,NONHSAT120184
lNONHSAG047383,NONHSAT253297
lNONHSAG047383,NONHSAT253279
lNONHSAG047383,NONHSAT211959
lNONHSAG047383,NONHSAT211960
lNONHSAG047383,NONHSAT253285
lNONHSAG047383,NONHSAT253304
lNONHSAG047383,NONHSAT253293
lNONHSAG047383,NONHSAT253288
lNONHSAG047383,NONHSAT253295
lNONHSAG047383,NONHSAT253284
lNONHSAG047383,NONHSAT120185
lNONHSAG047383,NONHSAT253299
lNONHSAG047383,NONHSAT253290
lNONHSAG047383,NONHSAT253301
lNONHSAG047383,NONHSAT253286
lNONHSAG047383,NONHSAT253278
lNONHSAG047383,NONHSAT211961
lNONHSAG047383,NONHSAT253296
lNONHSAG047383,NONHSAT253283
lNONHSAG047383,NONHSAT253291
lNONHSAG047383,NONHSAT253289
lNONHSAG047383,NONHSAT253287
lNONHSAG047383,NONHSAT253281
lNONHSAG047383,NONHSAT253300
lNONHSAG047394,NONHSAT259804
lNONHSAG047403,NONHSAT259805
lNONHSAG047406,NONHSAT259806
lNONHSAG047440,NONHSAT259807
lNONHSAG047454,NONHSAT120303
lNONHSAG047454,NONHSAT120302
lNONHSAG047454,NONHSAT254122
lNONHSAG047456,NONHSAT120308
lNONHSAG047607,NONHSAT259808
lNONHSAG047626,NONHSAT120680
lNONHSAG047631,NONHSAT120691
lNONHSAG047665,NONHSAT259810
lNONHSAG047806,NONHSAT121075
lNONHSAG047806,NONHSAT253422
lNONHSAG047858,NONHSAT253443
lNONHSAG047858,NONHSAT253437
lNONHSAG047858,NONHSAT121234
lNONHSAG047858,NONHSAT121236
lNONHSAG047858,NONHSAT253439
lNONHSAG047858,NONHSAT121242
lNONHSAG047858,NONHSAT253448
lNONHSAG047858,NONHSAT253442
lNONHSAG047858,NONHSAT121238
lNONHSAG047858,NONHSAT253444
lNONHSAG047858,NONHSAT253441
lNONHSAG047858,NONHSAT121239
lNONHSAG047858,NONHSAT121232
lNONHSAG047858,NONHSAT121231
lNONHSAG047858,NONHSAT121240
lNONHSAG047858,NONHSAT253447
lNONHSAG047858,NONHSAT253438
lNONHSAG047858,NONHSAT121237
lNONHSAG047858,NONHSAT121235
lNONHSAG047858,NONHSAT253445
lNONHSAG047858,NONHSAT253440
lNONHSAG047858,NONHSAT253446
lNONHSAG048073,NONHSAT253503
lNONHSAG048073,NONHSAT253510
lNONHSAG048073,NONHSAT253492
lNONHSAG048073,NONHSAT253508
lNONHSAG048073,NONHSAT253502
lNONHSAG048073,NONHSAT253496
lNONHSAG048073,NONHSAT253511
lNONHSAG048073,NONHSAT253495
lNONHSAG048073,NONHSAT253489
lNONHSAG048073,NONHSAT253491
lNONHSAG048073,NONHSAT253488
lNONHSAG048073,NONHSAT253500
lNONHSAG048073,NONHSAT212295
lNONHSAG048073,NONHSAT212298
lNONHSAG048073,NONHSAT121714
lNONHSAG048073,NONHSAT253512
lNONHSAG048073,NONHSAT212292
lNONHSAG048073,NONHSAT253494
lNONHSAG048073,NONHSAT121711
lNONHSAG048073,NONHSAT253490
lNONHSAG048073,NONHSAT253515
lNONHSAG048073,NONHSAT121723
lNONHSAG048073,NONHSAT253504
lNONHSAG048073,NONHSAT253493
lNONHSAG048073,NONHSAT121716
lNONHSAG048073,NONHSAT253498
lNONHSAG048073,NONHSAT253506
lNONHSAG048073,NONHSAT121705
lNONHSAG048073,NONHSAT253499
lNONHSAG048073,NONHSAT212289
lNONHSAG048073,NONHSAT212287
lNONHSAG048073,NONHSAT121704
lNONHSAG048073,NONHSAT212290
lNONHSAG048073,NONHSAT253513
lNONHSAG048073,NONHSAT121722
lNONHSAG048073,NONHSAT121717
lNONHSAG048073,NONHSAT253501
lNONHSAG048073,NONHSAT121708
lNONHSAG048073,NONHSAT253509
lNONHSAG048073,NONHSAT121706
lNONHSAG048073,NONHSAT212291
lNONHSAG048073,NONHSAT253514
lNONHSAG048073,NONHSAT212286
lNONHSAG048073,NONHSAT121718
lNONHSAG048073,NONHSAT121703
lNONHSAG048073,NONHSAT212293
lNONHSAG048073,NONHSAT253497
lNONHSAG048073,NONHSAT253505
lNONHSAG048073,NONHSAT121715
lNONHSAG048073,NONHSAT253507
lNONHSAG048073,NONHSAT121702
lNONHSAG048073,NONHSAT212297
lNONHSAG048073,NONHSAT121707
lNONHSAG048073,NONHSAT121710
lNONHSAG048156,NONHSAT259815
lNONHSAG048156,NONHSAT259816
lNONHSAG048239,NONHSAT259817
lNONHSAG048353,NONHSAT254353
lNONHSAG048353,NONHSAT122354
lNONHSAG048353,NONHSAT147588
lNONHSAG048353,NONHSAT213763
lNONHSAG048573,NONHSAT259822
lNONHSAG048573,NONHSAT259821
lNONHSAG048573,NONHSAT259820
lNONHSAG048573,NONHSAT259819
lNONHSAG048578,NONHSAT259823
lNONHSAG048578,NONHSAT259824
lNONHSAG048578,NONHSAT259825
lNONHSAG048721,NONHSAT123145
lNONHSAG048857,NONHSAT259826
lNONHSAG048857,NONHSAT259827
lNONHSAG048891,NONHSAT259828
lNONHSAG048971,NONHSAT259829
lNONHSAG048971,NONHSAT259830
lNONHSAG049200,NONHSAT124273
lNONHSAG049200,NONHSAT253795
lNONHSAG049212,NONHSAT259832
lNONHSAG049217,NONHSAT259833
lNONHSAG049254,NONHSAT124387
lNONHSAG049254,NONHSAT124388
lNONHSAG049254,NONHSAT124386
lNONHSAG049254,NONHSAT124385
lNONHSAG049254,NONHSAT124389
lNONHSAG049254,NONHSAT214180
lNONHSAG049328,NONHSAT124557
lNONHSAG049328,NONHSAT124554
lNONHSAG049328,NONHSAT124556
lNONHSAG049328,NONHSAT124553
lNONHSAG049328,NONHSAT124558
lNONHSAG049328,NONHSAT124555
lNONHSAG049384,NONHSAT259836
lNONHSAG049384,NONHSAT259835
lNONHSAG049410,NONHSAT259839
lNONHSAG049552,NONHSAT259840
lNONHSAG049647,NONHSAT259841
lNONHSAG049754,NONHSAT125546
lNONHSAG049754,NONHSAT254916
lNONHSAG049754,NONHSAT125548
lNONHSAG049754,NONHSAT125549
lNONHSAG049754,NONHSAT125544
lNONHSAG049754,NONHSAT254915
lNONHSAG049776,NONHSAT259842
lNONHSAG049789,NONHSAT125623
lNONHSAG049789,NONHSAT216866
lNONHSAG049835,NONHSAT259843
lNONHSAG049889,NONHSAT259844
lNONHSAG049936,NONHSAT259848
lNONHSAG049936,NONHSAT259846
lNONHSAG049936,NONHSAT259845
lNONHSAG049936,NONHSAT259847
lNONHSAG049946,NONHSAT259849
lNONHSAG050058,NONHSAT259850
lNONHSAG050144,NONHSAT259854
lNONHSAG050144,NONHSAT259855
lNONHSAG050144,NONHSAT259853
lNONHSAG050144,NONHSAT259852
lNONHSAG050189,NONHSAT259856
lNONHSAG050230,NONHSAT259857
lNONHSAG050230,NONHSAT259858
lNONHSAG050296,NONHSAT259860
lNONHSAG050299,NONHSAT126761
lNONHSAG050316,NONHSAT259861
lNONHSAG050321,NONHSAT259864
lNONHSAG050321,NONHSAT259863
lNONHSAG050321,NONHSAT259862
lNONHSAG050405,NONHSAT255130
lNONHSAG050405,NONHSAT127007
lNONHSAG050405,NONHSAT127006
lNONHSAG050423,NONHSAT127058
lNONHSAG050423,NONHSAT127052
lNONHSAG050423,NONHSAT127050
lNONHSAG050423,NONHSAT127055
lNONHSAG050423,NONHSAT127051
lNONHSAG050423,NONHSAT127049
lNONHSAG050423,NONHSAT127053
lNONHSAG050423,NONHSAT127057
lNONHSAG050423,NONHSAT127056
lNONHSAG050423,NONHSAT127054
lNONHSAG050423,NONHSAT127048
lNONHSAG050455,NONHSAT259866
lNONHSAG050725,NONHSAT259873
lNONHSAG050748,NONHSAT259874
lNONHSAG050822,NONHSAT259875
lNONHSAG050908,NONHSAT259878
lNONHSAG050908,NONHSAT259877
lNONHSAG050910,NONHSAT128033
lNONHSAG050910,NONHSAT128039
lNONHSAG050910,NONHSAT216158
lNONHSAG050910,NONHSAT216157
lNONHSAG050910,NONHSAT128034
lNONHSAG050910,NONHSAT128035
lNONHSAG050910,NONHSAT128037
lNONHSAG050910,NONHSAT128036
lNONHSAG050926,NONHSAT259879
lNONHSAG050980,NONHSAT259880
lNONHSAG051061,NONHSAT259881
lNONHSAG051061,NONHSAT259885
lNONHSAG051061,NONHSAT259882
lNONHSAG051061,NONHSAT259884
lNONHSAG051061,NONHSAT259883
lNONHSAG051063,NONHSAT259886
lNONHSAG051185,NONHSAT259888
lNONHSAG051205,NONHSAT259889
lNONHSAG051260,NONHSAT129066
lNONHSAG051260,NONHSAT216410
lNONHSAG051285,NONHSAT259890
lNONHSAG051302,NONHSAT259891
lNONHSAG051415,NONHSAT259892
lNONHSAG051454,NONHSAT216626
lNONHSAG051454,NONHSAT129490
lNONHSAG051510,NONHSAT129635
lNONHSAG051510,NONHSAT129631
lNONHSAG051510,NONHSAT129633
lNONHSAG051510,NONHSAT129618
lNONHSAG051568,NONHSAT129783
lNONHSAG051652,NONHSAT130010
lNONHSAG051652,NONHSAT257287
lNONHSAG051658,NONHSAT259894
lNONHSAG051694,NONHSAT130074
lNONHSAG051798,NONHSAT259895
lNONHSAG051943,NONHSAT259897
lNONHSAG051974,NONHSAT259898
lNONHSAG052075,NONHSAT259901
lNONHSAG052075,NONHSAT259900
lNONHSAG052148,NONHSAT259902
lNONHSAG052155,NONHSAT259904
lNONHSAG052155,NONHSAT256624
lNONHSAG052155,NONHSAT256623
lNONHSAG052155,NONHSAT259903
lNONHSAG052155,NONHSAT256625
lNONHSAG052155,NONHSAT131040
lNONHSAG052155,NONHSAT131042
lNONHSAG052155,NONHSAT256622
lNONHSAG052155,NONHSAT131041
lNONHSAG052155,NONHSAT256626
lNONHSAG052155,NONHSAT219472
lNONHSAG052155,NONHSAT131043
lNONHSAG052155,NONHSAT256627
lNONHSAG052155,NONHSAT131038
lNONHSAG052155,NONHSAT219473
lNONHSAG052155,NONHSAT219471
lNONHSAG052155,NONHSAT131039
lNONHSAG052155,NONHSAT131044
lNONHSAG052234,NONHSAT147679
lNONHSAG052234,NONHSAT131232
lNONHSAG052234,NONHSAT147678
lNONHSAG052461,NONHSAT259905
lNONHSAG052494,NONHSAT259906
lNONHSAG052554,NONHSAT259907
lNONHSAG052636,NONHSAT259908
lNONHSAG052680,NONHSAT259909
lNONHSAG052701,NONHSAT259910
lNONHSAG052792,NONHSAT259912
lNONHSAG052792,NONHSAT259911
lNONHSAG052951,NONHSAT259914
lNONHSAG052959,NONHSAT133429
lNONHSAG053099,NONHSAT259916
lNONHSAG053205,NONHSAT133999
lNONHSAG053205,NONHSAT221188
lNONHSAG053205,NONHSAT133997
lNONHSAG053205,NONHSAT257759
lNONHSAG053685,NONHSAT135295
lNONHSAG053685,NONHSAT135296
lNONHSAG053685,NONHSAT135293
lNONHSAG053685,NONHSAT257890
lNONHSAG053685,NONHSAT135294
lNONHSAG053685,NONHSAT221416
lNONHSAG053743,NONHSAT259919
lNONHSAG053761,NONHSAT135439
lNONHSAG053878,NONHSAT221521
lNONHSAG053878,NONHSAT221523
lNONHSAG053878,NONHSAT221522
lNONHSAG053878,NONHSAT135750
lNONHSAG053970,NONHSAT259921
lNONHSAG053987,NONHSAT259923
lNONHSAG053987,NONHSAT259922
lNONHSAG054221,NONHSAT259925
lNONHSAG054355,NONHSAT259926
lNONHSAG054355,NONHSAT259927
lNONHSAG054355,NONHSAT259928
lNONHSAG055047,NONHSAT259934
lNONHSAG055047,NONHSAT259935
lNONHSAG055047,NONHSAT259933
lNONHSAG055050,NONHSAT259936
lNONHSAG055075,NONHSAT259937
lNONHSAG055125,NONHSAT138220
lNONHSAG055125,NONHSAT223512
lNONHSAG055654,NONHSAT259939
lNONHSAG056992,NONHSAT150097
lNONHSAG056992,NONHSAT150098
lNONHSAG057513,NONHSAT151134
lNONHSAG058128,NONHSAT152296
lNONHSAG058128,NONHSAT227150
lNONHSAG058128,NONHSAT152295
lNONHSAG058244,NONHSAT152497
lNONHSAG061362,NONHSAT229126
lNONHSAG061362,NONHSAT157167
lNONHSAG061362,NONHSAT229125
lNONHSAG068714,NONHSAT168319
lNONHSAG076117,NONHSAT239331
lNONHSAG076117,NONHSAT239336
lNONHSAG076117,NONHSAT179714
lNONHSAG076117,NONHSAT066013
lNONHSAG076117,NONHSAT066012
lNONHSAG076117,NONHSAT239337
lNONHSAG076117,NONHSAT239335
lNONHSAG076117,NONHSAT239338
lNONHSAG076117,NONHSAT239332
lNONHSAG076117,NONHSAT239329
lNONHSAG076117,NONHSAT066014
lNONHSAG076117,NONHSAT066016
lNONHSAG076117,NONHSAT239334
lNONHSAG076117,NONHSAT066020
lNONHSAG076117,NONHSAT179713
lNONHSAG076117,NONHSAT066021
lNONHSAG076117,NONHSAT239330
lNONHSAG076117,NONHSAT239333
lNONHSAG076117,NONHSAT066015
lNONHSAG076469,NONHSAT180323
lNONHSAG076469,NONHSAT239925
lNONHSAG076469,NONHSAT239924
lNONHSAG076469,NONHSAT180322
lNONHSAG076469,NONHSAT064196
lNONHSAG076469,NONHSAT064191
lNONHSAG076469,NONHSAT239922
lNONHSAG076469,NONHSAT239926
lNONHSAG076469,NONHSAT239923
lNONHSAG076469,NONHSAT064195
lNONHSAG076469,NONHSAT064192
lNONHSAG077440,NONHSAT181972
lNONHSAG077475,NONHSAT240733
lNONHSAG077475,NONHSAT240734
lNONHSAG077475,NONHSAT182032
lNONHSAG077475,NONHSAT240732
lNONHSAG077475,NONHSAT071726
lNONHSAG077475,NONHSAT071725
lNONHSAG077475,NONHSAT240729
lNONHSAG077475,NONHSAT182033
lNONHSAG077475,NONHSAT071727
lNONHSAG077475,NONHSAT182031
lNONHSAG077475,NONHSAT240730
lNONHSAG077475,NONHSAT240731
lNONHSAG078058,NONHSAT076137
lNONHSAG078058,NONHSAT076145
lNONHSAG078058,NONHSAT183341
lNONHSAG078058,NONHSAT183334
lNONHSAG078058,NONHSAT183338
lNONHSAG078058,NONHSAT241324
lNONHSAG078058,NONHSAT076138
lNONHSAG078058,NONHSAT183335
lNONHSAG078058,NONHSAT183337
lNONHSAG078058,NONHSAT183342
lNONHSAG078058,NONHSAT076144
lNONHSAG078058,NONHSAT241321
lNONHSAG078058,NONHSAT183332
lNONHSAG078058,NONHSAT183344
lNONHSAG078058,NONHSAT076142
lNONHSAG078058,NONHSAT241323
lNONHSAG078058,NONHSAT076141
lNONHSAG078058,NONHSAT241322
lNONHSAG078058,NONHSAT183333
lNONHSAG078058,NONHSAT183336
lNONHSAG078058,NONHSAT183331
lNONHSAG078058,NONHSAT076139
lNONHSAG078058,NONHSAT076143
lNONHSAG078058,NONHSAT183343
lNONHSAG078058,NONHSAT076140
lNONHSAG078058,NONHSAT241326
lNONHSAG078058,NONHSAT183340
lNONHSAG078058,NONHSAT241325
lNONHSAG078058,NONHSAT183339
lNONHSAG078671,NONHSAT259444
lNONHSAG079088,NONHSAT074579
lNONHSAG079088,NONHSAT185566
lNONHSAG079088,NONHSAT185567
lNONHSAG079088,NONHSAT242587
lNONHSAG079088,NONHSAT242590
lNONHSAG079088,NONHSAT074576
lNONHSAG079088,NONHSAT074580
lNONHSAG079088,NONHSAT074574
lNONHSAG079088,NONHSAT074567
lNONHSAG079088,NONHSAT242589
lNONHSAG079088,NONHSAT242588
lNONHSAG079088,NONHSAT074577
lNONHSAG079088,NONHSAT242591
lNONHSAG079088,NONHSAT074578
lNONHSAG079299,NONHSAT186071
lNONHSAG079561,NONHSAT259422
lNONHSAG081227,NONHSAT259489
lNONHSAG082041,NONHSAT189824
lNONHSAG082738,NONHSAT190609
lNONHSAG082738,NONHSAT190605
lNONHSAG082738,NONHSAT190607
lNONHSAG082738,NONHSAT190608
lNONHSAG082738,NONHSAT190606
lNONHSAG082821,NONHSAT259527
lNONHSAG082821,NONHSAT259528
lNONHSAG083216,NONHSAT259536
lNONHSAG085231,NONHSAT259603
lNONHSAG085231,NONHSAT259604
lNONHSAG085231,NONHSAT259605
lNONHSAG087631,NONHSAT247593
lNONHSAG087631,NONHSAT097110
lNONHSAG087631,NONHSAT198749
lNONHSAG087631,NONHSAT247590
lNONHSAG087631,NONHSAT198754
lNONHSAG087631,NONHSAT247581
lNONHSAG087631,NONHSAT247579
lNONHSAG087631,NONHSAT247586
lNONHSAG087631,NONHSAT247580
lNONHSAG087631,NONHSAT247583
lNONHSAG087631,NONHSAT247592
lNONHSAG087631,NONHSAT247584
lNONHSAG087631,NONHSAT097107
lNONHSAG087631,NONHSAT097098
lNONHSAG087631,NONHSAT247585
lNONHSAG087631,NONHSAT247587
lNONHSAG087631,NONHSAT097108
lNONHSAG087631,NONHSAT097109
lNONHSAG087631,NONHSAT097099
lNONHSAG087631,NONHSAT097106
lNONHSAG087631,NONHSAT247588
lNONHSAG087631,NONHSAT097105
lNONHSAG087631,NONHSAT097104
lNONHSAG087631,NONHSAT097102
lNONHSAG087631,NONHSAT198750
lNONHSAG087631,NONHSAT097101
lNONHSAG087631,NONHSAT247578
lNONHSAG087631,NONHSAT247582
lNONHSAG087631,NONHSAT247591
lNONHSAG087631,NONHSAT247589
lNONHSAG087631,NONHSAT097100
lNONHSAG087631,NONHSAT097103
lNONHSAG087805,NONHSAT259639
lNONHSAG087805,NONHSAT259641
lNONHSAG087805,NONHSAT259640
lNONHSAG088380,NONHSAT259630
lNONHSAG090182,NONHSAT259689
lNONHSAG090182,NONHSAT259688
lNONHSAG090265,NONHSAT202763
lNONHSAG091298,NONHSAT259706
lNONHSAG093078,NONHSAT259730
lNONHSAG093513,NONHSAT207836
lNONHSAG094052,NONHSAT208919
lNONHSAG094471,NONHSAT259772
lNONHSAG094471,NONHSAT259768
lNONHSAG094471,NONHSAT259769
lNONHSAG094471,NONHSAT259771
lNONHSAG094471,NONHSAT259770
lNONHSAG094747,NONHSAT259721
lNONHSAG094747,NONHSAT259722
lNONHSAG094747,NONHSAT259723
lNONHSAG096783,NONHSAT212883
lNONHSAG097425,NONHSAT259831
lNONHSAG097663,NONHSAT259794
lNONHSAG099082,NONHSAT216329
lNONHSAG099517,NONHSAT259865
lNONHSAG099557,NONHSAT259868
lNONHSAG099599,NONHSAT259872
lNONHSAG101273,NONHSAT259899
lNONHSAG102135,NONHSAT221008
lNONHSAG103157,NONHSAT259918
lNONHSAG103424,NONHSAT259931
lNONHSAG103770,NONHSAT259929
lNONHSAG105444,NONHSAT226857
lNONHSAG109878,NONHSAT073703
lENSG00000179141,ENST00000587588
lENSG00000179141,ENST00000323380
lENSG00000179141,ENST00000626029
lENSG00000181097,ENST00000531565
lENSG00000181211,ENST00000770632
lENSG00000181211,ENST00000322220
lENSG00000203527,ENST00000458463
lENSG00000203588,ENST00000366397
lENSG00000203635,ENST00000366424
lENSG00000203644,ENST00000366451
lENSG00000205231,ENST00000379317
lENSG00000212719,ENST00000540508
lENSG00000212719,ENST00000692999
lENSG00000212719,ENST00000655246
lENSG00000212719,ENST00000649112
lENSG00000212719,ENST00000717506
lENSG00000212719,ENST00000717508
lENSG00000212719,ENST00000693484
lENSG00000212719,ENST00000654263
lENSG00000212719,ENST00000658783
lENSG00000212719,ENST00000669595
lENSG00000212719,ENST00000536958
lENSG00000212719,ENST00000657015
lENSG00000212719,ENST00000671646
lENSG00000212719,ENST00000701171
lENSG00000212719,ENST00000649041
lENSG00000212719,ENST00000663530
lENSG00000212719,ENST00000700860
lENSG00000212719,ENST00000652925
lENSG00000212719,ENST00000468381
lENSG00000212719,ENST00000663437
lENSG00000212719,ENST00000701727
lENSG00000212719,ENST00000667136
lENSG00000212719,ENST00000661785
lENSG00000212719,ENST00000717507
lENSG00000212719,ENST00000686415
lENSG00000212719,ENST00000650318
lENSG00000212719,ENST00000686062
lENSG00000212719,ENST00000657905
lENSG00000212719,ENST00000659175
lENSG00000212719,ENST00000412778
lENSG00000212719,ENST00000535846
lENSG00000212719,ENST00000702081
lENSG00000212719,ENST00000653508
lENSG00000212719,ENST00000656879
lENSG00000212719,ENST00000647872
lENSG00000212719,ENST00000538604
lENSG00000212719,ENST00000426261
lENSG00000212719,ENST00000659749
lENSG00000212719,ENST00000666869
lENSG00000216895,ENST00000474963
lENSG00000216895,ENST00000460022
lENSG00000216895,ENST00000401694
lENSG00000216895,ENST00000469539
lENSG00000216895,ENST00000472015
lENSG00000220925,ENST00000403371
lENSG00000221857,ENST00000592174
lENSG00000221857,ENST00000586871
lENSG00000223487,ENST00000425057
lENSG00000223642,ENST00000594921
lENSG00000223642,ENST00000626302
lENSG00000223642,ENST00000627036
lENSG00000223642,ENST00000420020
lENSG00000223642,ENST00000608714
lENSG00000224821,ENST00000458403
lENSG00000224844,ENST00000416509
lENSG00000224893,ENST00000663653
lENSG00000224893,ENST00000667732
lENSG00000224893,ENST00000670414
lENSG00000224893,ENST00000658966
lENSG00000224893,ENST00000417654
lENSG00000224893,ENST00000670640
lENSG00000224893,ENST00000654424
lENSG00000224893,ENST00000671138
lENSG00000224893,ENST00000657202
lENSG00000224893,ENST00000652681
lENSG00000224893,ENST00000456715
lENSG00000224893,ENST00000656248
lENSG00000224893,ENST00000666093
lENSG00000224893,ENST00000659837
lENSG00000225076,ENST00000430057
lENSG00000225258,ENST00000429816
lENSG00000225313,ENST00000457957
lENSG00000225313,ENST00000587696
lENSG00000225313,ENST00000625117
lENSG00000225313,ENST00000624453
lENSG00000225313,ENST00000627421
lENSG00000225313,ENST00000630909
lENSG00000225313,ENST00000630229
lENSG00000225313,ENST00000624012
lENSG00000225313,ENST00000827938
lENSG00000225313,ENST00000588828
lENSG00000225313,ENST00000628643
lENSG00000225313,ENST00000627130
lENSG00000225341,ENST00000422631
lENSG00000225537,ENST00000443714
lENSG00000225588,ENST00000443833
lENSG00000225588,ENST00000413708
lENSG00000225588,ENST00000422203
lENSG00000226143,ENST00000442482
lENSG00000226149,ENST00000660256
lENSG00000226149,ENST00000810119
lENSG00000226149,ENST00000810118
lENSG00000226149,ENST00000667206
lENSG00000226149,ENST00000665046
lENSG00000226149,ENST00000664071
lENSG00000226149,ENST00000659721
lENSG00000226149,ENST00000810120
lENSG00000226149,ENST00000810122
lENSG00000226149,ENST00000662342
lENSG00000226149,ENST00000810121
lENSG00000226149,ENST00000430296
lENSG00000226149,ENST00000419061
lENSG00000226149,ENST00000657779
lENSG00000226149,ENST00000668058
lENSG00000226149,ENST00000668588
lENSG00000226149,ENST00000670413
lENSG00000226149,ENST00000810123
lENSG00000226238,ENST00000449613
lENSG00000226921,ENST00000609861
lENSG00000226921,ENST00000671045
lENSG00000226921,ENST00000661456
lENSG00000226921,ENST00000757344
lENSG00000226921,ENST00000430978
lENSG00000226921,ENST00000757345
lENSG00000226921,ENST00000610194
lENSG00000226921,ENST00000757340
lENSG00000226921,ENST00000757342
lENSG00000226921,ENST00000608044
lENSG00000226921,ENST00000757341
lENSG00000226921,ENST00000757343
lENSG00000226921,ENST00000609493
lENSG00000226921,ENST00000425483
lENSG00000226921,ENST00000442500
lENSG00000227197,ENST00000453078
lENSG00000227198,ENST00000422049
lENSG00000227718,ENST00000420828
lENSG00000227773,ENST00000458371
lENSG00000228064,ENST00000425983
lENSG00000228296,ENST00000456123
lENSG00000228586,ENST00000847162
lENSG00000228586,ENST00000847161
lENSG00000228586,ENST00000449526
lENSG00000229851,ENST00000414053
lENSG00000229970,ENST00000424460
lENSG00000230005,ENST00000413347
lENSG00000230068,ENST00000431803
lENSG00000230830,ENST00000415706
lENSG00000231079,ENST00000608822
lENSG00000231079,ENST00000446781
lENSG00000231079,ENST00000609886
lENSG00000231079,ENST00000601658
lENSG00000231113,ENST00000450671
lENSG00000231113,ENST00000607218
lENSG00000231172,ENST00000451622
lENSG00000231189,ENST00000422118
lENSG00000231312,ENST00000366187
lENSG00000231312,ENST00000827216
lENSG00000231312,ENST00000662313
lENSG00000231312,ENST00000438649
lENSG00000231312,ENST00000422128
lENSG00000231312,ENST00000449569
lENSG00000231312,ENST00000827218
lENSG00000231312,ENST00000667600
lENSG00000231312,ENST00000671403
lENSG00000231312,ENST00000451547
lENSG00000231312,ENST00000827219
lENSG00000231312,ENST00000668952
lENSG00000231312,ENST00000827213
lENSG00000231312,ENST00000827220
lENSG00000231312,ENST00000827214
lENSG00000231312,ENST00000827221
lENSG00000231312,ENST00000443038
lENSG00000231312,ENST00000658057
lENSG00000231312,ENST00000827217
lENSG00000231312,ENST00000658048
lENSG00000231312,ENST00000415640
lENSG00000231312,ENST00000445520
lENSG00000231312,ENST00000658319
lENSG00000231312,ENST00000659562
lENSG00000231312,ENST00000446698
lENSG00000231312,ENST00000426083
lENSG00000231312,ENST00000670934
lENSG00000231312,ENST00000425775
lENSG00000231312,ENST00000827215
lENSG00000231896,ENST00000424628
lENSG00000231969,ENST00000790988
lENSG00000231969,ENST00000660089
lENSG00000231969,ENST00000790972
lENSG00000231969,ENST00000790979
lENSG00000231969,ENST00000790983
lENSG00000231969,ENST00000687950
lENSG00000231969,ENST00000790987
lENSG00000231969,ENST00000655697
lENSG00000231969,ENST00000657556
lENSG00000231969,ENST00000790970
lENSG00000231969,ENST00000790969
lENSG00000231969,ENST00000790973
lENSG00000231969,ENST00000790975
lENSG00000231969,ENST00000665276
lENSG00000231969,ENST00000790980
lENSG00000231969,ENST00000449714
lENSG00000231969,ENST00000790978
lENSG00000231969,ENST00000790985
lENSG00000231969,ENST00000702116
lENSG00000231969,ENST00000790976
lENSG00000231969,ENST00000790982
lENSG00000231969,ENST00000790971
lENSG00000231969,ENST00000790968
lENSG00000231969,ENST00000790974
lENSG00000231969,ENST00000689856
lENSG00000231969,ENST00000790977
lENSG00000231969,ENST00000790986
lENSG00000231969,ENST00000790984
lENSG00000231969,ENST00000790981
lENSG00000232354,ENST00000625950
lENSG00000232354,ENST00000628210
lENSG00000232354,ENST00000602176
lENSG00000232354,ENST00000596630
lENSG00000232354,ENST00000608869
lENSG00000232354,ENST00000625304
lENSG00000232354,ENST00000628222
lENSG00000232354,ENST00000629306
lENSG00000232354,ENST00000626193
lENSG00000232354,ENST00000630335
lENSG00000232354,ENST00000626444
lENSG00000232354,ENST00000627073
lENSG00000232354,ENST00000593611
lENSG00000232354,ENST00000627080
lENSG00000232354,ENST00000627914
lENSG00000232354,ENST00000452639
lENSG00000232354,ENST00000627014
lENSG00000232354,ENST00000601312
lENSG00000232354,ENST00000625717
lENSG00000232354,ENST00000593621
lENSG00000232354,ENST00000628141
lENSG00000232354,ENST00000626317
lENSG00000232354,ENST00000610022
lENSG00000232354,ENST00000598837
lENSG00000232354,ENST00000629337
lENSG00000232354,ENST00000631311
lENSG00000232354,ENST00000626936
lENSG00000232354,ENST00000626097
lENSG00000232354,ENST00000626268
lENSG00000232354,ENST00000628996
lENSG00000232354,ENST00000630614
lENSG00000232354,ENST00000630253
lENSG00000232354,ENST00000626234
lENSG00000232354,ENST00000600342
lENSG00000232354,ENST00000628282
lENSG00000232354,ENST00000626992
lENSG00000232359,ENST00000421624
lENSG00000232464,ENST00000436423
lENSG00000232512,ENST00000453802
lENSG00000232512,ENST00000418942
lENSG00000232542,ENST00000424982
lENSG00000232973,ENST00000606849
lENSG00000232973,ENST00000626456
lENSG00000232973,ENST00000767235
lENSG00000232973,ENST00000609565
lENSG00000232973,ENST00000625348
lENSG00000232973,ENST00000767246
lENSG00000232973,ENST00000767223
lENSG00000232973,ENST00000628580
lENSG00000232973,ENST00000767243
lENSG00000232973,ENST00000626582
lENSG00000232973,ENST00000767240
lENSG00000232973,ENST00000629773
lENSG00000232973,ENST00000603809
lENSG00000232973,ENST00000767226
lENSG00000232973,ENST00000767227
lENSG00000232973,ENST00000593090
lENSG00000232973,ENST00000767234
lENSG00000232973,ENST00000627992
lENSG00000232973,ENST00000767248
lENSG00000232973,ENST00000627172
lENSG00000232973,ENST00000767228
lENSG00000232973,ENST00000767253
lENSG00000232973,ENST00000767242
lENSG00000232973,ENST00000610024
lENSG00000232973,ENST00000629439
lENSG00000232973,ENST00000767252
lENSG00000232973,ENST00000606100
lENSG00000232973,ENST00000767231
lENSG00000232973,ENST00000767256
lENSG00000232973,ENST00000628135
lENSG00000232973,ENST00000767251
lENSG00000232973,ENST00000628232
lENSG00000232973,ENST00000767236
lENSG00000232973,ENST00000767232
lENSG00000232973,ENST00000767244
lENSG00000232973,ENST00000610172
lENSG00000232973,ENST00000612373
lENSG00000232973,ENST00000628165
lENSG00000232973,ENST00000660493
lENSG00000232973,ENST00000620177
lENSG00000232973,ENST00000767220
lENSG00000232973,ENST00000653077
lENSG00000232973,ENST00000767245
lENSG00000232973,ENST00000767241
lENSG00000232973,ENST00000767249
lENSG00000232973,ENST00000628238
lENSG00000232973,ENST00000589303
lENSG00000232973,ENST00000626865
lENSG00000232973,ENST00000767225
lENSG00000232973,ENST00000626166
lENSG00000232973,ENST00000653994
lENSG00000232973,ENST00000630623
lENSG00000232973,ENST00000767233
lENSG00000232973,ENST00000427168
lENSG00000232973,ENST00000609128
lENSG00000232973,ENST00000767247
lENSG00000232973,ENST00000767237
lENSG00000232973,ENST00000767221
lENSG00000232973,ENST00000767254
lENSG00000232973,ENST00000629547
lENSG00000232973,ENST00000626718
lENSG00000232973,ENST00000628097
lENSG00000232973,ENST00000767239
lENSG00000232973,ENST00000630542
lENSG00000232973,ENST00000767222
lENSG00000232973,ENST00000767230
lENSG00000232973,ENST00000629719
lENSG00000232973,ENST00000660098
lENSG00000232973,ENST00000585654
lENSG00000232973,ENST00000767229
lENSG00000232973,ENST00000413828
lENSG00000232973,ENST00000767238
lENSG00000232973,ENST00000767219
lENSG00000232973,ENST00000767224
lENSG00000232973,ENST00000657397
lENSG00000232973,ENST00000767250
lENSG00000232973,ENST00000767255
lENSG00000232973,ENST00000630658
lENSG00000233033,ENST00000451126
lENSG00000233221,ENST00000429282
lENSG00000233221,ENST00000660150
lENSG00000233221,ENST00000446213
lENSG00000233581,ENST00000452736
lENSG00000233627,ENST00000458633
lENSG00000233845,ENST00000422201
lENSG00000233851,ENST00000422510
lENSG00000233885,ENST00000425008
lENSG00000233885,ENST00000625709
lENSG00000233885,ENST00000609195
lENSG00000233885,ENST00000609871
lENSG00000233953,ENST00000444873
lENSG00000234006,ENST00000420520
lENSG00000234006,ENST00000416684
lENSG00000234207,ENST00000419013
lENSG00000234352,ENST00000592183
lENSG00000234352,ENST00000837447
lENSG00000234352,ENST00000593789
lENSG00000234352,ENST00000837450
lENSG00000234352,ENST00000598184
lENSG00000234352,ENST00000425981
lENSG00000234352,ENST00000837446
lENSG00000234352,ENST00000439694
lENSG00000234352,ENST00000837448
lENSG00000234352,ENST00000807584
lENSG00000234352,ENST00000597642
lENSG00000234352,ENST00000837445
lENSG00000234352,ENST00000807585
lENSG00000234352,ENST00000586239
lENSG00000234352,ENST00000807582
lENSG00000234352,ENST00000807581
lENSG00000234352,ENST00000807583
lENSG00000234352,ENST00000608269
lENSG00000234352,ENST00000599888
lENSG00000234352,ENST00000837449
lENSG00000234638,ENST00000431827
lENSG00000234758,ENST00000446275
lENSG00000234793,ENST00000417267
lENSG00000235050,ENST00000592236
lENSG00000235050,ENST00000434196
lENSG00000235050,ENST00000592093
lENSG00000235050,ENST00000586980
lENSG00000235050,ENST00000626297
lENSG00000235050,ENST00000588900
lENSG00000235050,ENST00000587216
lENSG00000235050,ENST00000626804
lENSG00000235050,ENST00000613661
lENSG00000235050,ENST00000587744
lENSG00000235050,ENST00000590739
lENSG00000235050,ENST00000631364
lENSG00000235050,ENST00000765547
lENSG00000235050,ENST00000589041
lENSG00000235056,ENST00000418387
lENSG00000235058,ENST00000440013
lENSG00000235127,ENST00000416173
lENSG00000235262,ENST00000412242
lENSG00000235358,ENST00000847550
lENSG00000235358,ENST00000847537
lENSG00000235358,ENST00000847553
lENSG00000235358,ENST00000445073
lENSG00000235358,ENST00000847549
lENSG00000235358,ENST00000670398
lENSG00000235358,ENST00000847547
lENSG00000235358,ENST00000422305
lENSG00000235358,ENST00000847545
lENSG00000235358,ENST00000847544
lENSG00000235358,ENST00000847556
lENSG00000235358,ENST00000847534
lENSG00000235358,ENST00000847557
lENSG00000235358,ENST00000847542
lENSG00000235358,ENST00000657314
lENSG00000235358,ENST00000847541
lENSG00000235358,ENST00000425554
lENSG00000235358,ENST00000847540
lENSG00000235358,ENST00000847548
lENSG00000235358,ENST00000847536
lENSG00000235358,ENST00000847551
lENSG00000235358,ENST00000847554
lENSG00000235358,ENST00000847535
lENSG00000235358,ENST00000847555
lENSG00000235358,ENST00000847558
lENSG00000235358,ENST00000847543
lENSG00000235358,ENST00000847538
lENSG00000235358,ENST00000847552
lENSG00000235358,ENST00000847539
lENSG00000235358,ENST00000847546
lENSG00000235464,ENST00000441150
lENSG00000235725,ENST00000420724
lENSG00000236581,ENST00000585861
lENSG00000236581,ENST00000587441
lENSG00000236581,ENST00000608539
lENSG00000236581,ENST00000658512
lENSG00000236581,ENST00000791314
lENSG00000236581,ENST00000610218
lENSG00000236581,ENST00000590003
lENSG00000236581,ENST00000609137
lENSG00000236581,ENST00000628131
lENSG00000236581,ENST00000609233
lENSG00000236581,ENST00000607935
lENSG00000236581,ENST00000608803
lENSG00000236581,ENST00000609995
lENSG00000236581,ENST00000608981
lENSG00000236581,ENST00000608197
lENSG00000236581,ENST00000589816
lENSG00000236581,ENST00000608315
lENSG00000236581,ENST00000610879
lENSG00000236581,ENST00000608695
lENSG00000236581,ENST00000586424
lENSG00000236581,ENST00000608205
lENSG00000236581,ENST00000609588
lENSG00000236581,ENST00000608496
lENSG00000236581,ENST00000588660
lENSG00000236581,ENST00000609167
lENSG00000236581,ENST00000609536
lENSG00000236581,ENST00000791312
lENSG00000236581,ENST00000590747
lENSG00000236581,ENST00000609108
lENSG00000236581,ENST00000609061
lENSG00000236581,ENST00000591781
lENSG00000236581,ENST00000589800
lENSG00000236581,ENST00000609335
lENSG00000236581,ENST00000607944
lENSG00000236581,ENST00000608060
lENSG00000236581,ENST00000609615
lENSG00000236581,ENST00000609351
lENSG00000236581,ENST00000588966
lENSG00000236581,ENST00000609608
lENSG00000236581,ENST00000609343
lENSG00000236581,ENST00000791315
lENSG00000236581,ENST00000609788
lENSG00000236581,ENST00000592544
lENSG00000236581,ENST00000609790
lENSG00000236581,ENST00000590997
lENSG00000236581,ENST00000590434
lENSG00000236581,ENST00000589472
lENSG00000236581,ENST00000791313
lENSG00000236581,ENST00000609997
lENSG00000236581,ENST00000586727
lENSG00000236581,ENST00000609063
lENSG00000236581,ENST00000589122
lENSG00000236581,ENST00000608175
lENSG00000236709,ENST00000431813
lENSG00000236772,ENST00000442179
lENSG00000236828,ENST00000439592
lENSG00000237200,ENST00000438551
lENSG00000237293,ENST00000444852
lENSG00000237331,ENST00000458331
lENSG00000237373,ENST00000435608
lENSG00000238020,ENST00000431427
lENSG00000239552,ENST00000464382
lENSG00000240373,ENST00000479626
lENSG00000240666,ENST00000484721
lENSG00000240868,ENST00000449656
lENSG00000241397,ENST00000497854
lENSG00000242861,ENST00000424332
lENSG00000243055,ENST00000464659
lENSG00000243155,ENST00000358073
lENSG00000243389,ENST00000414784
lENSG00000244124,ENST00000492725
lENSG00000244286,ENST00000495917
lENSG00000244675,ENST00000455557
lENSG00000246350,ENST00000499525
lENSG00000248015,ENST00000585596
lENSG00000248015,ENST00000650765
lENSG00000248015,ENST00000501448
lENSG00000248015,ENST00000589734
lENSG00000248256,ENST00000513576
lENSG00000248266,ENST00000505389
lENSG00000248476,ENST00000504298
lENSG00000248984,ENST00000515111
lENSG00000250075,ENST00000502400
lENSG00000250075,ENST00000660927
lENSG00000250075,ENST00000505155
lENSG00000250075,ENST00000652065
lENSG00000250075,ENST00000783862
lENSG00000250075,ENST00000503987
lENSG00000250106,ENST00000506304
lENSG00000250259,ENST00000503095
lENSG00000250472,ENST00000503723
lENSG00000250899,ENST00000513358
lENSG00000251224,ENST00000475395
lENSG00000251412,ENST00000507932
lENSG00000251510,ENST00000807038
lENSG00000251510,ENST00000510613
lENSG00000251666,ENST00000515264
lENSG00000253322,ENST00000784595
lENSG00000253322,ENST00000784594
lENSG00000253322,ENST00000520426
lENSG00000254762,ENST00000533287
lENSG00000254839,ENST00000532453
lENSG00000254929,ENST00000431840
lENSG00000254929,ENST00000605970
lENSG00000254932,ENST00000526796
lENSG00000254936,ENST00000526648
lENSG00000254985,ENST00000529656
lENSG00000255276,ENST00000529323
lENSG00000255301,ENST00000528885
lENSG00000255555,ENST00000532123
lENSG00000255580,ENST00000535704
lENSG00000256007,ENST00000542022
lENSG00000256650,ENST00000539734
lENSG00000256769,ENST00000543559
lENSG00000257271,ENST00000548204
lENSG00000257681,ENST00000550029
lENSG00000257681,ENST00000551299
lENSG00000258344,ENST00000553061
lENSG00000258521,ENST00000556212
lENSG00000258561,ENST00000555377
lENSG00000258561,ENST00000654014
lENSG00000258561,ENST00000556361
lENSG00000258561,ENST00000823069
lENSG00000258561,ENST00000823068
lENSG00000258561,ENST00000556874
lENSG00000258561,ENST00000823070
lENSG00000258634,ENST00000554749
lENSG00000259091,ENST00000553396
lENSG00000259091,ENST00000554257
lENSG00000259196,ENST00000558292
lENSG00000259334,ENST00000559615
lENSG00000259519,ENST00000560034
lENSG00000259546,ENST00000560873
lENSG00000259732,ENST00000559026
lENSG00000259865,ENST00000566446
lENSG00000259994,ENST00000561542
lENSG00000260032,ENST00000796928
lENSG00000260032,ENST00000796929
lENSG00000260032,ENST00000796930
lENSG00000260032,ENST00000565493
lENSG00000260032,ENST00000796927
lENSG00000260121,ENST00000564984
lENSG00000260171,ENST00000561915
lENSG00000260257,ENST00000569087
lENSG00000261248,ENST00000561669
lENSG00000261426,ENST00000567953
lENSG00000261427,ENST00000564808
lENSG00000261427,ENST00000568526
lENSG00000261480,ENST00000568033
lENSG00000261610,ENST00000565959
lENSG00000261669,ENST00000568895
lENSG00000261799,ENST00000570140
lENSG00000261864,ENST00000548144
lENSG00000262011,ENST00000571611
lENSG00000262116,ENST00000571939
lENSG00000262413,ENST00000576021
lENSG00000262413,ENST00000576554
lENSG00000262879,ENST00000722934
lENSG00000262879,ENST00000722969
lENSG00000262879,ENST00000668604
lENSG00000262879,ENST00000663416
lENSG00000262879,ENST00000722921
lENSG00000262879,ENST00000722983
lENSG00000262879,ENST00000722961
lENSG00000262879,ENST00000722946
lENSG00000262879,ENST00000722919
lENSG00000262879,ENST00000722964
lENSG00000262879,ENST00000722949
lENSG00000262879,ENST00000660267
lENSG00000262879,ENST00000722973
lENSG00000262879,ENST00000570379
lENSG00000262879,ENST00000722954
lENSG00000262879,ENST00000722918
lENSG00000262879,ENST00000722928
lENSG00000262879,ENST00000722955
lENSG00000262879,ENST00000661492
lENSG00000262879,ENST00000722962
lENSG00000262879,ENST00000722914
lENSG00000262879,ENST00000722972
lENSG00000262879,ENST00000722975
lENSG00000262879,ENST00000722920
lENSG00000262879,ENST00000722915
lENSG00000262879,ENST00000653193
lENSG00000262879,ENST00000576938
lENSG00000262879,ENST00000662706
lENSG00000262879,ENST00000722933
lENSG00000262879,ENST00000663847
lENSG00000262879,ENST00000722937
lENSG00000262879,ENST00000722965
lENSG00000262879,ENST00000722970
lENSG00000262879,ENST00000722936
lENSG00000262879,ENST00000722963
lENSG00000262879,ENST00000722953
lENSG00000262879,ENST00000722913
lENSG00000262879,ENST00000722977
lENSG00000262879,ENST00000722940
lENSG00000262879,ENST00000722917
lENSG00000262879,ENST00000571665
lENSG00000262879,ENST00000655133
lENSG00000262879,ENST00000722916
lENSG00000262879,ENST00000722950
lENSG00000262879,ENST00000722929
lENSG00000262879,ENST00000722925
lENSG00000262879,ENST00000668766
lENSG00000262879,ENST00000722944
lENSG00000262879,ENST00000655083
lENSG00000262879,ENST00000722926
lENSG00000262879,ENST00000722978
lENSG00000262879,ENST00000722930
lENSG00000262879,ENST00000722939
lENSG00000262879,ENST00000701385
lENSG00000262879,ENST00000660600
lENSG00000262879,ENST00000670987
lENSG00000262879,ENST00000722927
lENSG00000262879,ENST00000666536
lENSG00000262879,ENST00000722941
lENSG00000262879,ENST00000722952
lENSG00000262879,ENST00000722982
lENSG00000262879,ENST00000722924
lENSG00000262879,ENST00000722942
lENSG00000262879,ENST00000653065
lENSG00000262879,ENST00000722968
lENSG00000262879,ENST00000656035
lENSG00000262879,ENST00000722957
lENSG00000262879,ENST00000667718
lENSG00000262879,ENST00000574741
lENSG00000262879,ENST00000722980
lENSG00000262879,ENST00000722948
lENSG00000262879,ENST00000722935
lENSG00000262879,ENST00000722922
lENSG00000262879,ENST00000722938
lENSG00000262879,ENST00000722947
lENSG00000262879,ENST00000722976
lENSG00000262879,ENST00000572864
lENSG00000262879,ENST00000722931
lENSG00000262879,ENST00000722971
lENSG00000262879,ENST00000575930
lENSG00000262879,ENST00000669500
lENSG00000262879,ENST00000722966
lENSG00000262879,ENST00000660448
lENSG00000262879,ENST00000722960
lENSG00000262879,ENST00000570314
lENSG00000262879,ENST00000722956
lENSG00000262879,ENST00000722951
lENSG00000262879,ENST00000722958
lENSG00000262879,ENST00000571901
lENSG00000262879,ENST00000722974
lENSG00000262879,ENST00000722923
lENSG00000262879,ENST00000663210
lENSG00000262879,ENST00000701807
lENSG00000262879,ENST00000722979
lENSG00000262879,ENST00000571143
lENSG00000262879,ENST00000658121
lENSG00000262879,ENST00000722945
lENSG00000262879,ENST00000722932
lENSG00000262879,ENST00000573341
lENSG00000262879,ENST00000722959
lENSG00000262879,ENST00000659775
lENSG00000262879,ENST00000575173
lENSG00000262879,ENST00000668245
lENSG00000262879,ENST00000722981
lENSG00000262879,ENST00000722967
lENSG00000262879,ENST00000722943
lENSG00000262879,ENST00000670688
lENSG00000264853,ENST00000578539
lENSG00000265393,ENST00000580385
lENSG00000265408,ENST00000566869
lENSG00000266111,ENST00000584958
lENSG00000266378,ENST00000584683
lENSG00000266976,ENST00000587961
lENSG00000266976,ENST00000656648
lENSG00000266976,ENST00000651559
lENSG00000266994,ENST00000588099
lENSG00000267009,ENST00000591567
lENSG00000267009,ENST00000586515
lENSG00000267009,ENST00000592030
lENSG00000267009,ENST00000590353
lENSG00000267048,ENST00000570217
lENSG00000267122,ENST00000585593
lENSG00000267304,ENST00000586675
lENSG00000267423,ENST00000592931
lENSG00000267519,ENST00000789019
lENSG00000267765,ENST00000592440
lENSG00000267980,ENST00000594444
lENSG00000268618,ENST00000598703
lENSG00000268836,ENST00000595428
lENSG00000269053,ENST00000597028
lENSG00000269191,ENST00000596596
lENSG00000269535,ENST00000594379
lENSG00000269583,ENST00000600242
lENSG00000269604,ENST00000601192
lENSG00000269604,ENST00000596170
lENSG00000269688,ENST00000600473
lENSG00000269807,ENST00000594776
lENSG00000269967,ENST00000602889
lENSG00000270277,ENST00000603415
lENSG00000270462,ENST00000604464
lENSG00000270696,ENST00000604845
lENSG00000271147,ENST00000466616
lENSG00000271147,ENST00000475738
lENSG00000271147,ENST00000465548
lENSG00000271147,ENST00000460793
lENSG00000271147,ENST00000486740
lENSG00000271147,ENST00000602463
lENSG00000271147,ENST00000671383
lENSG00000271147,ENST00000476910
lENSG00000271147,ENST00000602366
lENSG00000271147,ENST00000460026
lENSG00000271204,ENST00000605249
lENSG00000271774,ENST00000606932
lENSG00000271828,ENST00000606813
lENSG00000271971,ENST00000607706
lENSG00000272056,ENST00000607407
lENSG00000272140,ENST00000580623
lENSG00000272140,ENST00000415917
lENSG00000272183,ENST00000606287
lENSG00000272356,ENST00000607434
lENSG00000272477,ENST00000607148
lENSG00000272502,ENST00000605955
lENSG00000272661,ENST00000607902
lENSG00000272679,ENST00000471502
lENSG00000273142,ENST00000610177
lENSG00000273230,ENST00000609755
lENSG00000273275,ENST00000609955
lENSG00000273302,ENST00000609422
lENSG00000273381,ENST00000608358
lENSG00000273507,ENST00000668183
lENSG00000273507,ENST00000618106
lENSG00000273507,ENST00000614005
lENSG00000273507,ENST00000701170
lENSG00000273507,ENST00000834791
lENSG00000273507,ENST00000655935
lENSG00000273507,ENST00000654394
lENSG00000273507,ENST00000663484
lENSG00000273507,ENST00000661973
lENSG00000273507,ENST00000655342
lENSG00000274023,ENST00000619713
lENSG00000275097,ENST00000622889
lENSG00000276570,ENST00000586923
lENSG00000277728,ENST00000613523
lENSG00000278202,ENST00000613086
lENSG00000279168,ENST00000639209
lENSG00000283259,ENST00000638002
lENSG00000285730,ENST00000649589
lENSG00000287123,ENST00000668450
lENSG00000287203,ENST00000666936
lENSG00000287203,ENST00000725394
lENSG00000287398,ENST00000666034
lENSG00000287781,ENST00000668993
lENSG00000287781,ENST00000842941
lENSG00000287781,ENST00000842942
lENSG00000288156,ENST00000672226
lENSG00000288670,ENST00000437833
lENSG00000289155,ENST00000685985
lENSG00000235242,ENST00000450325
lENSG00000236760,ENST00000425776
lENSG00000236760,ENST00000419347
lENSG00000250670,ENST00000508358
lENSG00000259628,ENST00000459742
lENSG00000272468,ENST00000607175
lENSG00000287400,ENST00000657314
lENSG00000289486,ENST00000686810
lENSG00000260141,ENST00000564165
lENSG00000236673,ENST00000454596
lENSG00000236673,ENST00000419695
lENSG00000236673,ENST00000421310
lENSG00000254561,ENST00000658767
lENSG00000254561,ENST00000532153
lENSG00000228906,ENST00000444482
lENSG00000258808,ENST00000556762
lENSG00000261662,ENST00000566949
lENSG00000269974,ENST00000602684
lENSG00000270195,ENST00000605571
lENSG00000271347,ENST00000604451
lENSG00000271840,ENST00000606754
lENSG00000227468,ENST00000427543
lENSG00000227468,ENST00000420153
lENSG00000227468,ENST00000412518
lENSG00000227468,ENST00000428654
lENSG00000253701,ENST00000497872
lENSG00000260766,ENST00000562313
lENSG00000231865,ENST00000454832
lENSG00000234252,ENST00000430719
lENSG00000235373,ENST00000416385
lENSG00000260872,ENST00000565178
lENSG00000268525,ENST00000594531
lENSG00000203394,ENST00000616465
lENSG00000203394,ENST00000616189
lENSG00000203394,ENST00000413451
lENSG00000203394,ENST00000619933
lENSG00000227637,ENST00000450108
lENSG00000233207,ENST00000450520
lENSG00000267350,ENST00000623730
lENSG00000267350,ENST00000577764
lENSG00000268166,ENST00000593658
lENSG00000270172,ENST00000602943
lENSG00000271927,ENST00000607697
lENSG00000272365,ENST00000607825
lCCAT2,ENST00000630920
lDHRSX-IT1,ENST00000711205
lFAM138D,ENST00000546223
lFAM138D,ENST00000504074
lHOXA-AS3,ENST00000521197
lHOXA-AS3,ENST00000518848
lHOXA-AS3,ENST00000524304
lHOXA-AS3,ENST00000518947
lHOXA-AS3,ENST00000730237
lHOXA-AS3,ENST00000521231
lLINC00226,ENST00000611530
lLINC00226,ENST00000618204
lSNORA16A,ENST00000384342
lSNORA16A,ENST00000628458
lSNORD88B,ENST00000408454
lSPRY4-IT1,ENST00000630558
